year,player,player_id,position,player_game_count,team_name,targets,deep_targets,deep_receptions,deep_drops,deep_yards,deep_catchable,deep_touchdowns,target_rate,drop_rate,catch_rate
2014,Bear Pascoe,5108,TE,14,ATL,2,0,0,0,0,0,0,0,,
2014,Julius Peppers,1010,ED,1,GB,1,0,0,0,0,0,0,0,,
2014,Kassim Osgood,1676,WR,3,SF,1,0,0,0,0,0,0,0,,
2014,Steven Jackson,1745,HB,15,ATL,23,0,0,0,0,0,0,0,,
2014,Will Allen,1832,S,1,PIT,1,0,0,0,0,0,0,0,,
2014,Ronnie Brown,2219,HB,8,SD,6,0,0,0,0,0,0,0,,
2014,Courtney Roby,2285,WR,1,ATL,2,0,0,0,0,0,0,0,,
2014,Darren Sproles,2347,HB,15,PHI,60,0,0,0,0,0,0,0,,
2014,Joshua Cribbs,2544,WR,1,IND,1,0,0,0,0,0,0,0,,
2014,John Kuhn,2686,FB,12,GB,3,0,0,0,0,0,0,0,,
2014,Reggie Bush,2947,HB,11,DET,52,0,0,0,0,0,0,0,,
2014,DeAngelo Williams,2972,HB,6,CAR,5,0,0,0,0,0,0,0,,
2014,Marcedes Lewis,2973,TE,8,JAX,28,0,0,0,0,0,0,0,,
2014,Maurice Jones-Drew,3005,HB,12,OAK,13,0,0,0,0,0,0,0,,
2014,Brad Smith,3048,WR,10,PHI,3,0,0,0,0,0,0,0,,
2014,Daniel Fells,3309,TE,16,NYG,20,0,0,0,0,0,0,0,,
2014,Fred Jackson,3368,HB,14,BUF,81,0,0,0,0,0,0,0,,
2014,Donald Penn,3459,T,1,OAK,1,0,0,0,0,0,0,0,,
2014,Micheal Spurlock,3517,WR,1,CHI,3,0,0,0,0,0,0,0,,
2014,Adrian Peterson,3623,HB,1,MIN,3,0,0,0,0,0,0,0,,
2014,Marshawn Lynch,3628,HB,16,SEA,43,0,0,0,0,0,0,0,,
2014,Brian Leonard,3668,HB,1,NO,1,0,0,0,0,0,0,0,,
2014,Matt Spaeth,3693,TE,14,PIT,4,0,0,0,0,0,0,0,,
2014,Dante Rosario,3771,TE,16,CHI,19,0,0,0,0,0,0,0,,
2014,Ahmad Bradshaw,3866,HB,10,IND,45,0,0,0,0,0,0,0,,
2014,Jackie Battle,3885,FB,9,TEN,5,0,0,0,0,0,0,0,,
2014,Pierre Thomas,4080,HB,11,NO,50,0,0,0,0,0,0,0,,
2014,Jonathan Stewart,4327,HB,13,CAR,29,0,0,0,0,0,0,0,,
2014,Chris Johnson,4338,HB,16,NYJ,31,0,0,0,0,0,0,0,,
2014,Jamaal Charles,4387,HB,15,KC,52,0,0,0,0,0,0,0,,
2014,Craig Stevens,4399,TE,5,TEN,2,0,0,0,0,0,0,0,,
2014,Jerome Felton,4460,FB,12,MIN,1,0,0,0,0,0,0,0,,
2014,Peyton Hillis,4541,HB,5,NYG,14,0,0,0,0,0,0,0,,
2014,Justin Forsett,4547,HB,16,BLT,55,0,0,0,0,0,0,0,,
2014,Mike Tolbert,4740,FB,8,CAR,17,0,0,0,0,0,0,0,,
2014,Jed Collins,4743,FB,16,DET,6,0,0,0,0,0,0,0,,
2014,Danny Woodhead,4914,HB,2,SD,6,0,0,0,0,0,0,0,,
2014,Knowshon Moreno,4935,HB,3,MIA,1,0,0,0,0,0,0,0,,
2014,Brandon Pettigrew,4943,TE,14,DET,14,0,0,0,0,0,0,0,,
2014,Donald Brown,4950,HB,13,SD,37,0,0,0,0,0,0,0,,
2014,LeSean McCoy,4976,HB,16,PHI,34,0,0,0,0,0,0,0,,
2014,Shonn Greene,4988,HB,10,TEN,1,0,0,0,0,0,0,0,,
2014,Chase Coffman,5021,TE,13,TEN,12,0,0,0,0,0,0,0,,
2014,Frank Summers,5093,FB,8,BUF,6,0,0,0,0,0,0,0,,
2014,Cedric Peerman,5109,HB,6,CIN,3,0,0,0,0,0,0,0,,
2014,Brandon Myers,5126,TE,14,TB,27,0,0,0,0,0,0,0,,
2014,John Phillips,5132,TE,12,SD,1,0,0,0,0,0,0,0,,
2014,Chris Ogbonnaya,5135,HB,3,NYG,1,0,0,0,0,0,0,0,,
2014,David Johnson,5165,TE,7,SD,1,0,0,0,0,0,0,0,,
2014,Rashad Jennings,5174,HB,10,NYG,37,0,0,0,0,0,0,0,,
2014,Will Ta'ufo'ou,5226,FB,16,JAX,8,0,0,0,0,0,0,0,,
2014,Kevin Brock,5328,TE,10,CIN,6,0,0,0,0,0,0,0,,
2014,Antone Smith,5440,HB,10,ATL,15,0,0,0,0,0,0,0,,
2014,C.J. Spiller,5534,HB,9,BUF,21,0,0,0,0,0,0,0,,
2014,Ryan Mathews,5537,HB,6,SD,10,0,0,0,0,0,0,0,,
2014,Ben Tate,5583,HB,11,MIN,11,0,0,0,0,0,0,0,,
2014,Damian Williams,5601,WR,1,SL,1,0,0,0,0,0,0,0,,
2014,Tony Moeaki,5617,TE,6,SEA,13,0,0,0,0,0,0,0,,
2014,Joe McKnight,5636,HB,1,KC,7,0,0,0,0,0,0,0,,
2014,Dennis Pitta,5638,TE,3,BLT,19,0,0,0,0,0,0,0,,
2014,John Conner,5662,FB,11,NYJ,2,0,0,0,0,0,0,0,,
2014,Anthony Dixon,5696,HB,10,BUF,9,0,0,0,0,0,0,0,,
2014,Jonathan Dwyer,5711,HB,2,ARZ,3,0,0,0,0,0,0,0,,
2014,Mickey Shuler,5737,TE,3,JAX,3,0,0,0,0,0,0,0,,
2014,Erik Lorig,5775,FB,10,NO,10,0,0,0,0,0,0,0,,
2014,Michael Palmer,5784,TE,2,PIT,2,0,0,0,0,0,0,0,,
2014,Logan Paulsen,5795,TE,16,WAS,15,0,0,0,0,0,0,0,,
2014,Joique Bell,5797,HB,15,DET,46,0,0,0,0,0,0,0,,
2014,Alfonso Smith,5877,HB,3,SF,4,0,0,0,0,0,0,0,,
2014,Chris Ivory,6007,HB,16,NYJ,23,0,0,0,0,0,0,0,,
2014,Steve Maneri,6028,TE,1,NE,1,0,0,0,0,0,0,0,,
2014,Tyler Clutts,6124,FB,10,DAL,1,0,0,0,0,0,0,0,,
2014,Bryan Walters,6139,WR,11,SEA,10,0,0,0,0,0,0,0,,
2014,James Develin,6142,FB,13,NE,6,0,0,0,0,0,0,0,,
2014,J.J. Watt,6163,DI,4,HST,3,0,0,0,0,0,0,0,,
2014,Mark Ingram II,6180,HB,13,NO,30,0,0,0,0,0,0,0,,
2014,Andy Dalton,6187,QB,3,CIN,1,0,0,0,0,0,0,0,,
2014,Daniel Thomas,6214,HB,12,MIA,18,0,0,0,0,0,0,0,,
2014,DeMarco Murray,6223,HB,16,DAL,62,0,0,0,0,0,0,0,,
2014,Stevan Ridley,6225,HB,6,NE,4,0,0,0,0,0,0,0,,
2014,Roy Helu,6257,HB,14,WAS,43,0,0,0,0,0,0,0,,
2014,Bilal Powell,6278,HB,15,NYJ,13,0,0,0,0,0,0,0,,
2014,Anthony Sherman,6288,FB,16,KC,12,0,0,0,0,0,0,0,,
2014,Karl Klug,6294,DI,1,TEN,1,0,0,0,0,0,0,0,,
2014,Jacquizz Rodgers,6297,HB,16,ATL,35,0,0,0,0,0,0,0,,
2014,Lee Smith,6311,TE,13,BUF,8,0,0,0,0,0,0,0,,
2014,Richard Gordon,6333,TE,4,KC,1,0,0,0,0,0,0,0,,
2014,David Ausberry,6393,TE,4,OAK,3,0,0,0,0,0,0,0,,
2014,Matt Asiata,6432,HB,15,MIN,58,0,0,0,0,0,0,0,,
2014,Robert Hughes,6564,HB,11,ARZ,12,0,0,0,0,0,0,0,,
2014,DuJuan Harris,6595,HB,4,GB,1,0,0,0,0,0,0,0,,
2014,Jeff Maehl,6706,WR,8,PHI,5,0,0,0,0,0,0,0,,
2014,Isa Abdul-Quddus,6722,S,1,DET,1,0,0,0,0,0,0,0,,
2014,Patrick DiMarco,6997,FB,16,ATL,13,0,0,0,0,0,0,0,,
2014,Jorvorskie Lane,7002,FB,8,TB,1,0,0,0,0,0,0,0,,
2014,Trent Richardson,7009,HB,15,IND,33,0,0,0,0,0,0,0,,
2014,Doug Martin,7035,HB,11,TB,19,0,0,0,0,0,0,0,,
2014,Ryan Broyles,7057,WR,5,DET,3,0,0,0,0,0,0,0,,
2014,LaMichael James,7063,HB,2,MIA,1,0,0,0,0,0,0,0,,
2014,Russell Wilson,7077,QB,1,SEA,1,0,0,0,0,0,0,0,,
2014,Bernard Pierce,7085,HB,10,BLT,5,0,0,0,0,0,0,0,,
2014,Lamar Miller,7097,HB,16,MIA,47,0,0,0,0,0,0,0,,
2014,Robert Turbin,7106,HB,15,SEA,19,0,0,0,0,0,0,0,,
2014,Rhett Ellison,7128,TE,16,MIN,24,0,0,0,0,0,0,0,,
2014,Alfred Morris,7165,HB,16,WAS,26,0,0,0,0,0,0,0,,
2014,Cory Harkey,7306,FB,16,SL,9,0,0,0,0,0,0,0,,
2014,Phillip Supernaw,7324,TE,4,BLT,2,0,0,0,0,0,0,0,,
2014,Lance Dunbar,7332,HB,16,DAL,19,0,0,0,0,0,0,0,,
2014,Griff Whalen,7351,WR,5,IND,2,0,0,0,0,0,0,0,,
2014,Joe Banyard,7361,HB,9,MIN,9,0,0,0,0,0,0,0,,
2014,Valentino Blake,7362,CB,1,PIT,1,0,0,0,0,0,0,0,,
2014,Derrick Coleman,7377,FB,4,SEA,2,0,0,0,0,0,0,0,,
2014,Jonas Gray,7393,HB,7,NE,3,0,0,0,0,0,0,0,,
2014,Brandon Bolden,7469,HB,11,NE,4,0,0,0,0,0,0,0,,
2014,Bobby Rainey Jr.,7511,HB,12,TB,38,0,0,0,0,0,0,0,,
2014,Chris Polk,7532,HB,8,PHI,3,0,0,0,0,0,0,0,,
2014,DeAndre Presley,7548,WR,2,CAR,1,0,0,0,0,0,0,0,,
2014,Jamize Olawale,7572,FB,10,OAK,6,0,0,0,0,0,0,0,,
2014,Jonathan Grimes,7585,HB,9,HST,7,0,0,0,0,0,0,0,,
2014,Brandon Bostick,7605,TE,5,GB,4,0,0,0,0,0,0,0,,
2014,Will Johnson,7639,FB,14,PIT,9,0,0,0,0,0,0,0,,
2014,Will Tukuafu,7764,FB,7,SEA,2,0,0,0,0,0,0,0,,
2014,Tyler Eifert,7802,TE,1,CIN,3,0,0,0,0,0,0,0,,
2014,Giovani Bernard,7818,HB,13,CIN,54,0,0,0,0,0,0,0,,
2014,Geno Smith,7820,QB,3,NYJ,1,0,0,0,0,0,0,0,,
2014,Montee Ball,7839,HB,5,DEN,12,0,0,0,0,0,0,0,,
2014,Brandon Williams,7876,TE,7,CAR,6,0,0,0,0,0,0,0,,
2014,Knile Davis,7878,HB,16,KC,22,0,0,0,0,0,0,0,,
2014,Ace Sanders,7883,WR,11,JAX,7,0,0,0,0,0,0,0,,
2014,Kyle Juszczyk,7912,FB,16,BLT,22,0,0,0,0,0,0,0,,
2014,Levine Toilolo,7915,TE,16,ATL,48,0,0,0,0,0,0,0,,
2014,Denard Robinson,7917,HB,13,JAX,28,0,0,0,0,0,0,0,,
2014,Stepfan Taylor,7922,HB,13,ARZ,13,0,0,0,0,0,0,0,,
2014,Joseph Randle,7933,HB,9,DAL,5,0,0,0,0,0,0,0,,
2014,Chris Thompson,7936,HB,2,WAS,7,0,0,0,0,0,0,0,,
2014,Zac Stacy,7942,HB,11,SL,22,0,0,0,0,0,0,0,,
2014,Tavarres King,7943,WR,2,TB,3,0,0,0,0,0,0,0,,
2014,Latavius Murray,7962,HB,10,OAK,21,0,0,0,0,0,0,0,,
2014,Mike James,7970,HB,7,TB,1,0,0,0,0,0,0,0,,
2014,Rex Burkhead,7971,HB,5,CIN,8,0,0,0,0,0,0,0,,
2014,Tommy Bohanon,7997,FB,4,NYJ,2,0,0,0,0,0,0,0,,
2014,Chris Gragg,8004,TE,10,BUF,9,0,0,0,0,0,0,0,,
2014,Kevin Dorsey,8007,WR,2,GB,1,0,0,0,0,0,0,0,,
2014,Kerwynn Williams,8013,HB,4,ARZ,5,0,0,0,0,0,0,0,,
2014,Michael Cox,8036,HB,1,NYG,3,0,0,0,0,0,0,0,,
2014,Brian Leonhardt,8083,TE,12,OAK,8,0,0,0,0,0,0,0,,
2014,George Winn,8123,HB,6,DET,3,0,0,0,0,0,0,0,,
2014,MarQueis Gray,8286,TE,10,BUF,10,0,0,0,0,0,0,0,,
2014,Austin Johnson,8438,FB,7,NO,2,0,0,0,0,0,0,0,,
2014,Joseph Fauria,8478,TE,7,DET,12,0,0,0,0,0,0,0,,
2014,Khiry Robinson,8514,HB,9,NO,9,0,0,0,0,0,0,0,,
2014,Demetrius Harris,8524,TE,7,KC,4,0,0,0,0,0,0,0,,
2014,Fozzy Whittaker,8547,HB,6,CAR,6,0,0,0,0,0,0,0,,
2014,Darren Fells,8549,TE,7,ARZ,9,0,0,0,0,0,0,0,,
2014,Troy Niklas,8687,TE,6,ARZ,3,0,0,0,0,0,0,0,,
2014,Bishop Sankey,8689,HB,16,TEN,22,0,0,0,0,0,0,0,,
2014,Jeremy Hill,8690,HB,16,CIN,31,0,0,0,0,0,0,0,,
2014,Carlos Hyde,8692,HB,14,SF,16,0,0,0,0,0,0,0,,
2014,C.J. Fiedorowicz,8700,TE,15,HST,7,0,0,0,0,0,0,0,,
2014,Charles Sims,8704,HB,8,TB,23,0,0,0,0,0,0,0,,
2014,Tre Mason,8710,HB,12,SL,25,0,0,0,0,0,0,0,,
2014,Terrance West,8729,HB,14,CLV,12,0,0,0,0,0,0,0,,
2014,Jerick McKinnon,8731,HB,11,MIN,36,0,0,0,0,0,0,0,,
2014,Dri Archer,8732,HB,12,PIT,10,0,0,0,0,0,0,0,,
2014,Crockett Gillmore,8734,TE,14,BLT,13,0,0,0,0,0,0,0,,
2014,Jalen Saunders,8739,WR,2,NO,1,0,0,0,0,0,0,0,,
2014,Andre Williams,8748,HB,16,NYG,28,0,0,0,0,0,0,0,,
2014,Ka'Deem Carey,8752,HB,12,CHI,6,0,0,0,0,0,0,0,,
2014,James White,8765,HB,3,NE,5,0,0,0,0,0,0,0,,
2014,Lorenzo Taliaferro,8773,HB,10,BLT,10,0,0,0,0,0,0,0,,
2014,Alfred Blue,8816,HB,15,HST,17,0,0,0,0,0,0,0,,
2014,Marion Grice,8835,HB,7,ARZ,11,0,0,0,0,0,0,0,,
2014,Storm Johnson,8856,HB,6,JAX,1,0,0,0,0,0,0,0,,
2014,Jeff Janis,8870,WR,3,GB,2,0,0,0,0,0,0,0,,
2014,Silas Redd,8900,HB,6,WAS,9,0,0,0,0,0,0,0,,
2014,Dewey McDonald,8913,S,1,IND,1,0,0,0,0,0,0,0,,
2014,Marcel Jensen,8936,TE,1,JAX,1,0,0,0,0,0,0,0,,
2014,Nic Jacobs,8946,TE,11,JAX,3,0,0,0,0,0,0,0,,
2014,Trey Watts,8950,HB,5,SL,4,0,0,0,0,0,0,0,,
2014,Juwan Thompson,8955,HB,12,DEN,6,0,0,0,0,0,0,0,,
2014,Darrin Reaves,9006,HB,5,CAR,8,0,0,0,0,0,0,0,,
2014,Antonio Andrews,9014,HB,2,TEN,2,0,0,0,0,0,0,0,,
2014,Senorise Perry,9035,HB,1,CHI,1,0,0,0,0,0,0,0,,
2014,Charcandrick West,9047,HB,2,KC,1,0,0,0,0,0,0,0,,
2014,Asante Cleveland,9066,TE,3,SF,1,0,0,0,0,0,0,0,,
2014,Ryan Hewitt,9107,FB,16,CIN,14,0,0,0,0,0,0,0,,
2014,Ray Agnew,9141,FB,12,CLV,6,0,0,0,0,0,0,0,,
2014,Zurlon Tipton,9164,HB,2,IND,6,0,0,0,0,0,0,0,,
2014,Orleans Darkwa,9173,HB,4,NYG,5,0,0,0,0,0,0,0,,
2014,Cameron Brate,9207,TE,2,TB,1,0,0,0,0,0,0,0,,
2014,Fitzgerald Toussaint,9244,HB,3,BLT,6,0,0,0,0,0,0,0,,
2014,Branden Oliver,9286,HB,14,SD,43,0,0,0,0,0,0,0,,
2014,Freddie Martino,9292,WR,1,ATL,1,0,0,0,0,0,0,0,,
2014,Isaiah Crowell,9295,HB,15,CLV,14,0,0,0,0,0,0,0,,
2014,Harold Hoskins,9349,TE,6,MIA,4,0,0,0,0,0,0,0,,
2014,Jordan Thompson,9399,TE,2,DET,1,0,0,0,0,0,0,0,,
2014,Ed Dickson,5595,TE,16,CAR,16,1,1,0,34,1,0,6.3,0,100
2014,James Hanna,7175,TE,16,DAL,5,1,1,0,27,1,0,20,0,100
2014,Dwayne Harris,6328,WR,16,DAL,11,1,1,0,56,1,0,9.1,0,100
2014,Ryan Griffin,7982,TE,14,HST,15,1,1,0,25,1,0,6.7,0,100
2014,Austin Seferian-Jenkins,8673,TE,9,TB,34,1,1,0,21,1,0,2.9,0,100
2014,Virgil Green,6356,TE,12,DEN,6,1,1,0,38,1,0,16.7,0,100
2014,Wes Welker,2204,WR,14,DEN,64,2,2,0,77,2,1,3.1,0,100
2014,DeVier Posey,7070,WR,1,HST,1,1,1,0,30,1,0,100,0,100
2014,Gavin Escobar,7828,TE,16,DAL,11,2,2,0,41,2,2,18.2,0,100
2014,Devonta Freeman,8738,HB,16,ATL,34,1,1,0,36,1,0,2.9,0,100
2014,Darrel Young,5438,FB,16,WAS,13,1,1,0,20,1,1,7.7,0,100
2014,Chase Ford,7528,TE,11,MIN,30,2,2,0,41,2,1,6.7,0,100
2014,Garrett Celek,7274,TE,3,SF,2,1,1,0,31,1,0,50,0,100
2014,Chris Owusu,7276,WR,7,NYJ,6,2,2,0,55,2,1,33.3,0,100
2014,Eric Weems,4097,WR,15,ATL,11,1,1,0,40,1,0,9.1,0,100
2014,Travis Kelce,7844,TE,16,KC,80,3,3,0,73,3,1,3.8,0,100
2014,Richard Rodgers,8733,TE,16,GB,29,3,3,0,97,3,1,10.3,0,100
2014,Michael Campanaro,8852,WR,4,BLT,9,1,1,0,19,1,1,11.1,0,100
2014,Zach Miller,3654,TE,3,SEA,7,1,1,0,24,1,0,14.3,0,100
2014,Lance Kendricks,6199,TE,16,SL,36,2,2,0,44,2,1,5.6,0,100
2014,Travaris Cadet,7457,HB,14,NO,43,1,1,0,31,1,0,2.3,0,100
2014,Julius Thomas,6281,TE,13,DEN,60,4,4,0,112,4,1,6.7,0,100
2014,Quinton Patton,7910,WR,4,SF,7,1,1,0,35,1,0,14.3,0,100
2014,Ladarius Green,7110,TE,14,SD,22,1,1,0,28,1,0,4.5,0,100
2014,James Casey,5076,TE,15,PHI,3,1,1,0,26,1,1,33.3,0,100
2014,Jordan Cameron,6254,TE,10,CLV,42,5,4,0,161,4,1,11.9,0,80
2014,Jim Dray,5756,TE,16,CLV,26,3,2,0,57,2,0,11.5,0,66.7
2014,Cooper Helfet,7737,TE,9,SEA,21,3,2,0,55,2,1,14.3,0,66.7
2014,Brandin Cooks,8655,WR,10,NO,65,6,4,1,153,5,2,9.2,20,66.7
2014,Andrew Quarless,5677,TE,16,GB,42,3,2,0,54,2,0,7.1,0,66.7
2014,John Carlson,4352,TE,16,ARZ,49,3,2,0,59,2,0,6.1,0,66.7
2014,Ricardo Lockette,6622,WR,15,SEA,14,3,2,0,87,2,1,21.4,0,66.7
2014,Kenny Stills,7926,WR,15,NO,80,14,9,1,370,10,2,17.5,10,64.3
2014,Charles Clay,6326,TE,14,MIA,81,8,5,0,144,5,1,9.9,0,62.5
2014,Antonio Gates,1609,TE,16,SD,98,10,6,0,161,6,3,10.2,0,60
2014,Heath Miller,2247,TE,16,PIT,87,5,3,1,78,4,0,5.7,25,60
2014,Chris Givens,7096,WR,14,SL,17,5,3,0,104,3,1,29.4,0,60
2014,Brent Celek,3778,TE,16,PHI,45,5,3,0,74,3,0,11.1,0,60
2014,Owen Daniels,3043,TE,15,BLT,72,5,3,0,81,3,0,6.9,0,60
2014,Martellus Bennett,4375,TE,16,CHI,123,7,4,0,95,4,1,5.7,0,57.1
2014,Niles Paul,6307,TE,16,WAS,50,7,4,0,139,4,0,14,0,57.1
2014,Andrew Hawkins,6125,WR,15,CLV,101,11,6,0,155,6,0,10.9,0,54.5
2014,Golden Tate,5585,WR,16,DET,136,13,7,0,245,7,1,9.6,0,53.8
2014,Dez Bryant,5549,WR,16,DAL,135,28,15,0,539,15,8,20.7,0,53.6
2014,Doug Baldwin,6615,WR,16,SEA,89,15,8,1,217,9,1,16.9,11.1,53.3
2014,DeSean Jackson,4363,WR,15,WAS,87,23,12,0,600,12,3,26.4,0,52.2
2014,Brenton Bersin,7516,WR,15,CAR,19,2,1,0,29,1,0,10.5,0,50
2014,Coby Fleener,7038,TE,16,IND,86,18,9,2,291,11,2,20.9,18.2,50
2014,Damaris Johnson,7530,WR,16,HST,46,4,2,0,84,2,1,8.7,0,50
2014,Lance Moore,2718,WR,14,PIT,25,8,4,0,107,4,1,32,0,50
2014,Arian Foster,5398,HB,13,HST,56,2,1,0,56,1,1,3.6,0,50
2014,Cole Beasley,7330,WR,16,DAL,48,2,1,0,24,1,1,4.2,0,50
2014,Garrett Graham,5642,TE,11,HST,26,2,1,0,26,1,0,7.7,0,50
2014,Adam Thielen,8288,WR,15,MIN,13,2,1,0,44,1,1,15.4,0,50
2014,Darrius Heyward-Bey,4930,WR,12,PIT,5,2,1,0,16,1,0,40,0,50
2014,Austin Pettis,6230,WR,5,SL,18,2,1,1,27,2,0,11.1,50,50
2014,Kamar Aiken,6671,WR,15,BLT,32,6,3,0,54,3,2,18.8,0,50
2014,Dontrelle Inman,6597,WR,2,SD,16,2,1,0,28,1,0,12.5,0,50
2014,Reggie Wayne,800,WR,15,IND,110,12,6,0,227,6,1,10.9,0,50
2014,Tavon Austin,7789,WR,15,SL,43,2,1,0,28,1,0,4.7,0,50
2014,Larry Donnell,7638,TE,16,NYG,87,8,4,0,108,4,0,9.2,0,50
2014,Julio Jones,6158,WR,15,ATL,156,36,18,2,512,20,4,23.1,10,50
2014,Miles Austin,3211,WR,12,CLV,67,4,2,0,61,2,0,6,0,50
2014,Michael Hoomanawanui,5655,TE,15,NE,5,2,1,0,23,1,0,40,0,50
2014,James Starks,5716,HB,16,GB,27,2,1,0,28,1,0,7.4,0,50
2014,De'Anthony Thomas,8759,HB,12,KC,30,2,1,0,30,1,0,6.7,0,50
2014,Benjamin Watson,1753,TE,16,NO,27,2,1,0,15,1,1,7.4,0,50
2014,Denarius Moore,6300,WR,8,OAK,25,2,1,0,28,1,0,8,0,50
2014,Anthony Fasano,2998,TE,15,KC,34,2,1,0,20,1,1,5.9,0,50
2014,Andre Ellington,7968,HB,12,ARZ,62,2,1,0,81,1,1,3.2,0,50
2014,Mike Evans,8642,WR,15,TB,116,37,18,1,575,19,7,31.9,5.3,48.6
2014,Jordy Nelson,4350,WR,16,GB,146,25,12,2,577,14,7,17.1,14.3,48
2014,Antonio Brown,5718,WR,16,PIT,178,25,12,1,359,13,3,14,7.7,48
2014,Roddy White,2244,WR,14,ATL,122,17,8,4,206,12,0,13.9,33.3,47.1
2014,Jordan Matthews,8677,WR,16,PHI,98,15,7,0,186,7,1,15.3,0,46.7
2014,Randall Cobb,6216,WR,16,GB,125,13,6,0,201,6,3,10.4,0,46.2
2014,Marques Colston,3197,WR,16,NO,96,13,6,2,167,8,1,13.5,25,46.2
2014,Emmanuel Sanders,5606,WR,16,DEN,140,33,15,0,514,15,3,23.6,0,45.5
2014,T.Y. Hilton,7092,WR,15,IND,123,31,14,0,528,14,5,25.2,0,45.2
2014,DeAndre Hopkins,7808,WR,16,HST,120,27,12,0,458,12,4,22.5,0,44.4
2014,Allen Hurns,8931,WR,16,JAX,91,16,7,1,242,8,2,17.6,12.5,43.8
2014,Zach Ertz,7816,TE,16,PHI,85,16,7,0,173,7,3,18.8,0,43.8
2014,Greg Jennings,2997,WR,16,MIN,88,16,7,2,186,9,1,18.2,22.2,43.8
2014,Derek Hagan,3027,WR,16,TEN,31,7,3,0,89,3,1,22.6,0,42.9
2014,Kendall Wright,7026,WR,14,TEN,86,14,6,0,185,6,2,16.3,0,42.9
2014,Dwayne Allen,7066,TE,13,IND,47,7,3,1,78,4,1,14.9,25,42.9
2014,Robert Woods,7822,WR,16,BUF,98,14,6,0,178,6,2,14.3,0,42.9
2014,Terrance Williams,7855,WR,16,DAL,62,19,8,1,265,9,3,30.6,11.1,42.1
2014,Anquan Boldin,1369,WR,16,SF,121,12,5,1,144,6,1,9.9,16.7,41.7
2014,Malcom Floyd,2044,WR,16,SD,86,32,13,1,446,14,3,37.2,7.1,40.6
2014,Dion Sims,7888,TE,14,MIA,34,5,2,1,56,3,1,14.7,33.3,40
2014,Jeremy Ross,6476,WR,16,DET,33,5,2,1,85,3,1,15.2,33.3,40
2014,Derek Carrier,7406,TE,9,SF,14,5,2,0,45,2,0,35.7,0,40
2014,Demaryius Thomas,5547,WR,16,DEN,178,23,9,0,369,9,3,12.9,0,39.1
2014,Nate Washington,2832,WR,16,TEN,71,18,7,1,249,8,2,25.4,12.5,38.9
2014,Kenny Britt,4953,WR,16,SL,81,26,10,1,356,11,2,32.1,9.1,38.5
2014,Jared Cook,5012,TE,16,SL,91,13,5,0,183,5,2,14.3,0,38.5
2014,Rob Gronkowski,5567,TE,15,NE,124,13,5,0,150,5,1,10.5,0,38.5
2014,Larry Fitzgerald,1724,WR,14,ARZ,100,13,5,1,130,6,0,13,16.7,38.5
2014,Michael Floyd,7019,WR,16,ARZ,93,34,13,3,482,16,5,36.6,18.8,38.2
2014,Torrey Smith,6210,WR,16,BLT,89,21,8,5,250,13,5,23.6,38.5,38.1
2014,Taylor Gabriel,9002,WR,16,CLV,71,21,8,1,305,9,1,29.6,11.1,38.1
2014,Devin Hester,3002,WR,16,ATL,57,8,3,1,73,4,1,14,25,37.5
2014,A.J. Green,6156,WR,13,CIN,109,24,9,0,372,9,4,22,0,37.5
2014,Marqise Lee,8674,WR,13,JAX,61,8,3,0,81,3,1,13.1,0,37.5
2014,Odell Beckham Jr.,8647,WR,12,NYG,129,27,10,1,366,11,3,20.9,9.1,37
2014,Eric Decker,5611,WR,15,NYJ,110,19,7,3,299,10,2,17.3,30,36.8
2014,Travis Benjamin,7100,WR,16,CLV,46,19,7,1,193,8,1,41.3,12.5,36.8
2014,Alshon Jeffery,7048,WR,16,CHI,134,30,11,0,377,11,3,22.4,0,36.7
2014,Donte Moncrief,8725,WR,16,IND,46,14,5,0,207,5,3,30.4,0,35.7
2014,Steve Smith,837,WR,16,BLT,130,17,6,1,259,7,3,13.1,14.3,35.3
2014,Mohamed Sanu,7084,WR,16,CIN,97,17,6,1,225,7,2,17.5,14.3,35.3
2014,Martavis Bryant,8753,WR,10,PIT,48,20,7,0,369,7,4,41.7,0,35
2014,John Brown,8726,WR,16,ARZ,94,26,9,0,295,9,4,27.7,0,34.6
2014,James Jones,3694,WR,16,OAK,108,15,5,0,152,5,1,13.9,0,33.3
2014,Albert Wilson,8943,WR,7,KC,25,3,1,0,48,1,0,12,0,33.3
2014,Josh Hill,8200,TE,16,NO,18,3,1,0,34,1,1,16.7,0,33.3
2014,Greg Olsen,3647,TE,16,CAR,118,6,2,0,68,2,0,5.1,0,33.3
2014,Jermaine Kearse,7428,WR,15,SEA,64,12,4,1,190,5,0,18.8,20,33.3
2014,Scott Chandler,3745,TE,16,BUF,66,3,1,0,22,1,0,4.5,0,33.3
2014,Jacob Tamme,4441,TE,14,DEN,28,3,1,0,26,1,1,10.7,0,33.3
2014,Gary Barnidge,4455,TE,13,CLV,24,3,1,0,28,1,0,12.5,0,33.3
2014,Steve Johnson,4538,WR,13,SF,49,6,2,0,45,2,0,12.2,0,33.3
2014,Percy Harvin,4945,WR,13,NYJ,76,9,3,1,122,4,1,11.8,25,33.3
2014,Louis Murphy Jr.,5048,WR,11,TB,53,12,4,1,114,5,1,22.6,20,33.3
2014,Clay Harbor,5648,TE,13,JAX,34,3,1,0,59,1,0,8.8,0,33.3
2014,Jace Amaro,8684,TE,14,NYJ,52,3,1,0,43,1,0,5.8,0,33.3
2014,Corey Brown,8986,WR,12,CAR,36,9,3,0,107,3,2,25,0,33.3
2014,Eddie Royal,4356,WR,16,SD,86,19,6,1,225,7,3,22.1,14.3,31.6
2014,Michael Crabtree,4933,WR,16,SF,102,16,5,0,153,5,1,15.7,0,31.3
2014,Brandon Lloyd,1436,WR,14,SF,33,16,5,0,207,5,1,48.5,0,31.3
2014,Calvin Johnson,3618,WR,13,DET,124,29,9,1,305,10,4,23.4,10,31
2014,Andre Roberts,5612,WR,16,WAS,68,10,3,1,64,4,1,14.7,25,30
2014,Jimmy Graham,5619,TE,16,NO,121,10,3,1,72,4,1,8.3,25,30
2014,Brandon LaFell,5602,WR,16,NE,114,17,5,1,143,6,1,14.9,16.7,29.4
2014,Andre Johnson,1319,WR,15,HST,141,17,5,2,132,7,0,12.1,28.6,29.4
2014,Sammy Watkins,8639,WR,16,BUF,124,31,9,0,310,9,2,25,0,29
2014,Delanie Walker,3120,TE,15,TEN,100,14,4,1,183,5,1,14,20,28.6
2014,Davante Adams,8688,WR,16,GB,62,7,2,1,78,3,0,11.3,33.3,28.6
2014,Ted Ginn Jr.,3625,WR,16,ARZ,25,7,2,0,52,2,0,28,0,28.6
2014,Markus Wheaton,7860,WR,16,PIT,83,14,4,0,148,4,1,16.9,0,28.6
2014,Kelvin Benjamin,8663,WR,16,CAR,142,36,10,2,310,12,5,25.4,16.7,27.8
2014,Luke Willson,7940,TE,15,SEA,36,11,3,1,128,4,2,30.6,25,27.3
2014,Julian Edelman,5156,WR,14,NE,124,11,3,0,101,3,0,8.9,0,27.3
2014,Jarius Wright,7118,WR,16,MIN,60,11,3,1,90,4,0,18.3,25,27.3
2014,Vincent Jackson,2278,WR,16,TB,138,34,9,0,314,9,0,24.6,0,26.5
2014,Jeremy Maclin,4942,WR,16,PHI,140,34,9,0,356,9,5,24.3,0,26.5
2014,Preston Parker,5950,WR,15,NYG,56,8,2,1,67,3,0,14.3,33.3,25
2014,Hakeem Nicks,4952,WR,16,IND,68,8,2,0,56,2,0,11.8,0,25
2014,James Wright,8873,WR,11,CIN,14,4,1,0,30,1,0,28.6,0,25
2014,Brandon Marshall,3064,WR,13,CHI,101,20,5,1,195,6,3,19.8,16.7,25
2014,Stedman Bailey,7873,WR,14,SL,42,8,2,0,72,2,0,19,0,25
2014,Marquise Goodwin,7859,WR,10,BUF,9,4,1,0,42,1,0,44.4,0,25
2014,Shane Vereen,6208,HB,16,NE,70,4,1,0,49,1,1,5.7,0,25
2014,Brian Hartline,5031,WR,16,MIA,62,8,2,1,68,3,0,12.9,33.3,25
2014,Brandon Tate,5006,WR,15,CIN,27,4,1,0,50,1,0,14.8,0,25
2014,Rueben Randle,7065,WR,16,NYG,122,21,5,0,180,5,0,17.2,0,23.8
2014,Riley Cooper,5682,WR,16,PHI,91,21,5,2,130,7,1,23.1,28.6,23.8
2014,Andre Holmes,6489,WR,16,OAK,91,26,6,1,242,7,2,28.6,14.3,23.1
2014,Allen Robinson II,8696,WR,10,JAX,76,13,3,0,133,3,1,17.1,0,23.1
2014,Jeff Cumberland,5861,TE,16,NYJ,43,9,2,0,43,2,2,20.9,0,22.2
2014,Mychal Rivera,7965,TE,16,OAK,92,9,2,0,60,2,0,9.8,0,22.2
2014,Brian Quick,7037,WR,7,SL,37,9,2,1,94,3,1,24.3,33.3,22.2
2014,Justin Hunter,7815,WR,12,TEN,66,23,5,4,214,9,2,34.8,44.4,21.7
2014,Mike Wallace,5007,WR,16,MIA,108,23,5,1,179,6,1,21.3,16.7,21.7
2014,Pierre Garcon,4519,WR,16,WAS,99,14,3,1,88,4,0,14.1,25,21.4
2014,Chris Hogan,6468,WR,13,BUF,58,5,1,0,28,1,0,8.6,0,20
2014,Donnie Avery,4347,WR,5,KC,23,5,1,0,25,1,0,21.7,0,20
2014,T.J. Graham,7071,WR,11,NYJ,8,5,1,0,67,1,1,62.5,0,20
2014,Paul Richardson Jr.,8680,WR,15,SEA,39,5,1,0,32,1,0,12.8,0,20
2014,Jason Avant,3054,WR,16,KC,58,5,1,0,41,1,0,8.6,0,20
2014,Danny Amendola,4717,WR,16,NE,41,5,1,1,19,2,1,12.2,50,20
2014,Jason Witten,1384,TE,16,DAL,86,10,2,1,59,3,1,11.6,33.3,20
2014,Mike Williams,5625,WR,8,BUF,17,5,1,1,80,2,1,29.4,50,20
2014,Dwayne Bowe,3639,WR,15,KC,90,5,1,1,21,2,0,5.6,50,20
2014,Joe Morgan,6696,WR,5,NO,10,6,1,0,62,1,0,60,0,16.7
2014,Brian Tyms,7321,WR,11,NE,12,6,1,1,43,2,1,50,50,16.7
2014,Keenan Allen,7857,WR,14,SD,112,12,2,1,45,3,1,10.7,33.3,16.7
2014,Victor Cruz,5827,WR,6,NYG,40,6,1,1,29,2,0,15,50,16.7
2014,Corey Fuller,7953,WR,16,DET,30,6,1,0,52,1,0,20,0,16.7
2014,Charles Johnson,7998,WR,11,MIN,55,13,2,1,78,3,2,23.6,33.3,15.4
2014,Brice Butler,7991,WR,14,OAK,34,7,1,1,55,2,0,20.6,50,14.3
2014,Robert Meachem,3643,WR,11,NO,18,7,1,1,25,2,0,38.9,50,14.3
2014,Cecil Shorts,6266,WR,13,JAX,102,14,2,0,53,2,0,13.7,0,14.3
2014,Cordarrelle Patterson,7810,WR,15,MIN,58,7,1,0,28,1,0,12.1,0,14.3
2014,Eric Ebron,8645,TE,13,DET,46,8,1,1,16,2,1,17.4,50,12.5
2014,Kenbrell Thompkins,8126,WR,13,OAK,46,9,1,0,50,1,0,19.6,0,11.1
2014,Vernon Davis,2951,TE,14,SF,47,9,1,0,29,1,1,19.1,0,11.1
2014,Jerricho Cotchery,1829,WR,15,CAR,72,10,1,1,47,2,0,13.9,50,10
2014,Josh Gordon,7618,WR,5,CLV,44,10,1,1,24,2,0,22.7,50,10
2014,Rodney Smith,8165,WR,1,CLV,1,1,0,0,0,0,0,100,,0
2014,Frankie Hammond,8156,WR,16,KC,10,1,0,0,0,0,0,10,,0
2014,Jaron Brown,8128,WR,15,ARZ,32,4,0,0,0,0,0,12.5,,0
2014,Jerrel Jernigan,6235,WR,2,NYG,9,1,0,0,0,0,0,11.1,,0
2014,Josh Morgan,4488,WR,14,CHI,18,2,0,0,0,0,0,11.1,,0
2014,Ronnie Hillman,7069,HB,8,DEN,32,1,0,0,0,0,0,3.1,,0
2014,Le'Veon Bell,7829,HB,16,PIT,97,1,0,0,0,0,0,1,,0
2014,Vance McDonald,7836,TE,8,SF,7,1,0,0,0,0,0,14.3,,0
2014,Kevin Ogletree,5387,WR,7,NYG,9,2,0,0,0,0,0,22.2,,0
2014,Kellen Davis,4472,TE,5,DET,3,1,0,0,0,0,0,33.3,,0
2014,Corey Washington,9189,WR,8,NYG,7,1,0,0,0,0,0,14.3,,0
2014,Aaron Dobson,7840,WR,4,NE,5,1,0,0,0,0,0,20,,0
2014,Eddie Lacy,7842,HB,16,GB,50,1,0,0,0,0,0,2,,0
2014,Jermaine Gresham,5546,TE,15,CIN,77,2,0,1,0,1,0,2.6,100,0
2014,Luke Stocker,6256,TE,11,TB,11,1,0,0,0,0,0,9.1,,0
2014,C.J. Anderson,8101,HB,15,DEN,41,1,0,0,0,0,0,2.4,,0
2014,Dexter McCluster,5561,HB,14,TEN,34,3,0,0,0,0,0,8.8,,0
2014,A.J. Jenkins,7034,WR,9,KC,14,1,0,0,0,0,0,7.1,,0
2014,Toby Gerhart,5576,HB,14,JAX,24,1,0,1,0,1,0,4.2,100,0
2014,Christine Michael,7843,HB,7,SEA,2,1,0,0,0,0,0,50,,0
2014,Marquess Wilson,8019,WR,7,CHI,32,5,0,0,0,0,0,15.6,,0
2014,Jay Prosch,8845,FB,9,HST,4,1,0,0,0,0,0,25,,0
2014,Andre Caldwell,4411,WR,12,DEN,15,2,0,0,0,0,0,13.3,,0
2014,Kevin Norwood,8758,WR,9,SEA,10,1,0,0,0,0,0,10,,0
2014,Dane Sanzenbacher,6570,WR,9,CIN,13,3,0,0,0,0,0,23.1,,0
2014,Harry Douglas,4398,WR,12,ATL,72,6,0,1,0,1,0,8.3,100,0
2014,Tommy Streeter,7185,WR,2,JAX,1,1,0,0,0,0,0,100,,0
2014,Rishard Matthews,7211,WR,14,MIA,21,3,0,0,0,0,0,14.3,,0
2014,Tim Wright,8392,TE,16,NE,32,1,0,0,0,0,0,3.1,,0
2014,Matt Forte,4358,HB,16,CHI,118,1,0,0,0,0,0,0.8,,0
2014,Bryce Brown,7213,HB,7,BUF,22,2,0,0,0,0,0,9.1,,0
2014,Vincent Brown,6234,WR,7,OAK,20,2,0,0,0,0,0,10,,0
2014,Junior Hemingway,7222,WR,13,KC,20,2,0,0,0,0,0,10,,0
2014,Bruce Miller,6363,FB,16,SF,24,2,0,0,0,0,0,8.3,,0
2014,Frank Gore,2282,HB,16,SF,15,1,0,0,0,0,0,6.7,,0
2014,Jordan Reed,7866,TE,11,WAS,65,1,0,0,0,0,0,1.5,,0
2014,Darren McFadden,4318,HB,16,OAK,44,1,0,1,0,1,0,2.3,100,0
2014,Jordan Todman,6335,HB,16,JAX,34,2,0,1,0,1,0,5.9,100,0
2014,Aldrick Robinson,6330,WR,5,WAS,3,1,0,0,0,0,0,33.3,,0
2014,Joe Webb III,5722,QB,2,CAR,3,1,0,0,0,0,0,33.3,,0
2014,Benny Cunningham,8283,HB,16,SL,48,1,0,0,0,0,0,2.1,,0
2014,Theo Riddick,7980,HB,12,DET,46,1,0,0,0,0,0,2.2,,0
2014,Rob Housler,6221,TE,15,ARZ,17,3,0,0,0,0,0,17.6,,0
2014,Jeremy Kerley,6305,WR,16,NYJ,65,5,0,0,0,0,0,7.7,,0
2014,Josh Huff,8721,WR,12,PHI,17,3,0,0,0,0,0,17.6,,0
2014,Robert Herron,8820,WR,7,TB,11,1,0,0,0,0,0,9.1,,0
2014,Isaiah Burse,9300,WR,3,DEN,1,1,0,1,0,1,0,100,100,0
2014,David Nelson,5862,WR,6,NYJ,16,4,0,0,0,0,0,25,,0
2014,LeGarrette Blount,5863,HB,15,NE,12,1,0,0,0,0,0,8.3,,0
2014,Josh Bellamy,7472,WR,2,CHI,1,1,0,0,0,0,0,100,,0
2014,Rod Streater,7416,WR,3,OAK,13,2,0,0,0,0,0,15.4,,0
2014,Justin Brown,7967,WR,6,PIT,20,2,0,0,0,0,0,10,,0
2014,Seyi Ajirotutu,6035,WR,11,SD,10,2,0,0,0,0,0,20,,0
2014,Cody Latimer,8691,WR,4,DEN,4,1,0,0,0,0,0,25,,0
2014,Greg Salas,6264,WR,8,NYJ,20,7,0,1,0,1,0,35,100,0
2014,Ryan Grant,8777,WR,13,WAS,14,1,0,0,0,0,0,7.1,,0
2014,Kris Durham,6259,WR,4,TEN,11,1,0,0,0,0,0,9.1,,0
2014,Jack Doyle,8520,TE,16,IND,21,1,0,0,0,0,0,4.8,,0
2014,Kyle Rudolph,6195,TE,9,MIN,31,1,0,0,0,0,0,3.2,,0
2014,Santonio Holmes,2970,WR,9,CHI,14,1,0,0,0,0,0,7.1,,0
2014,Zach Sudfeld,8313,TE,16,NYJ,6,1,0,0,0,0,0,16.7,,0
2014,Leon Washington,3062,HB,16,TEN,26,1,0,0,0,0,0,3.8,,0
2014,Damien Williams,9205,HB,12,MIA,25,1,0,1,0,1,0,4,100,0
2014,Jarrett Boykin,7363,WR,12,GB,12,3,0,0,0,0,0,25,,0
2014,Bruce Ellington,8741,WR,10,SF,11,2,0,0,0,0,0,18.2,,0
2014,Jacoby Jones,3689,WR,13,BLT,16,3,0,1,0,1,0,18.8,100,0
2014,Jarvis Landry,8698,WR,16,MIA,105,2,0,0,0,0,0,1.9,,0
2014,Taylor Thompson,7140,TE,3,TEN,4,2,0,1,0,1,0,50,100,0
2014,Greg Little,6211,WR,6,CIN,12,1,0,0,0,0,0,8.3,,0
2014,Nick Toon,7122,WR,7,NO,23,2,0,0,0,0,0,8.7,,0
2014,Adrien Robinson,7127,TE,9,NYG,7,1,0,0,0,0,0,14.3,,0
2014,Russell Shepard,8254,WR,7,TB,7,2,0,0,0,0,0,28.6,,0
2014,Mike Brown,7698,WR,5,JAX,15,1,0,0,0,0,0,6.7,,0
2014,Dan Herron,7179,HB,11,IND,24,1,0,0,0,0,0,4.2,,0
2014,Keshawn Martin,7121,WR,16,HST,12,1,0,0,0,0,0,8.3,,0
2014,Marcel Reece,4702,FB,15,OAK,53,2,0,0,0,0,0,3.8,,0
2014,Devin Street,8781,WR,15,DAL,7,2,0,0,0,0,0,28.6,,0
2014,Marlon Brown,8179,WR,14,BLT,29,3,0,0,0,0,0,10.3,,0
2014,Santana Moss,786,WR,10,WAS,14,1,0,0,0,0,0,7.1,,0
2014,Brandon Gibson,5118,WR,14,MIA,47,4,0,0,0,0,0,8.5,,0
