player,player_id,position,player_game_count,team_name,snap_counts_offense,snap_counts_pass,snap_counts_pass_block,snap_counts_run_block,snap_counts_lt,snap_counts_lg,snap_counts_ce,snap_counts_rg,snap_counts_rt,grades_offense,grades_pass_block,grades_run_block,sacks_allowed,hits_allowed,hurries_allowed,pressures_allowed,penalties,declined_penalties
Peyton Manning,327,QB,16,DEN,1070,658,0,412,0,0,0,0,0,79.5,,60.0,0,1,1,2,5,2
Matt Hasselbeck,408,QB,4,IND,75,50,0,25,0,0,0,0,0,67.3,,60.0,0,0,0,0,1,0
Phil Dawson,422,K,1,SF,1,0,1,0,0,0,0,0,0,60.0,,,0,0,0,0,0,0
Shane Lechler,673,P,1,HST,1,1,0,0,0,0,0,0,0,73.9,,,0,0,0,0,0,0
Tom Brady,698,QB,16,NE,1036,657,0,379,0,0,0,0,0,84.3,,60.0,1,0,0,1,2,0
Michael Vick,773,QB,10,NYJ,258,158,0,100,0,0,0,0,0,35.3,,61.5,5,1,2,8,5,0
Santana Moss,786,WR,10,WAS,31,0,0,31,0,0,0,0,0,57.2,,59.1,0,0,0,0,1,0
Reggie Wayne,800,WR,15,IND,263,0,0,263,0,0,0,0,0,63.4,,55.9,0,0,0,0,2,0
Drew Brees,802,QB,16,NO,1126,740,0,386,0,0,0,0,0,89.1,,60.0,0,1,1,2,3,0
Dominic Raiola,820,C,15,DET,1024,0,659,365,0,0,1041,0,0,61.7,72.8,57.9,4,2,17,23,6,0
Steve Smith,837,WR,16,BLT,288,0,0,288,0,0,0,0,0,76.2,,72.6,0,0,0,0,5,2
Roberto Garza,856,C,12,CHI,747,0,514,233,0,0,769,0,0,70.1,71.2,67.5,1,2,11,14,4,2
Josh McCown,1085,QB,11,TB,622,405,0,217,0,0,0,0,0,54.7,,60.2,3,2,1,6,2,0
Jonathan Goodwin,1146,C,14,NO,853,0,572,281,0,0,865,0,0,67.6,67.3,67.3,3,5,15,23,3,1
James Harrison,1251,ED,1,PIT,1,0,0,1,0,0,0,0,0,59.4,,60.0,0,0,0,0,2,0
Shaun Hill,1255,QB,9,SL,444,272,0,172,0,0,0,0,0,60.0,,60.0,1,2,0,3,2,0
Carson Palmer,1317,QB,6,ARZ,405,255,0,150,0,0,0,0,0,72.1,,60.2,0,0,1,1,4,1
Andre Johnson,1319,WR,15,HST,410,0,0,410,0,0,0,0,0,75.3,,68.4,0,0,0,0,1,0
Troy Polamalu,1332,S,5,PIT,11,0,0,11,0,0,0,0,0,60.0,,60.0,0,0,0,0,6,0
Anquan Boldin,1369,WR,16,SF,361,1,0,360,0,0,0,0,0,79.3,,81.9,0,0,0,0,6,2
Jason Witten,1384,TE,16,DAL,563,0,61,502,0,0,0,0,0,83.3,80.0,76.9,0,1,0,1,5,0
Wade Smith,1393,G,1,PHI,18,0,10,8,0,18,0,0,0,67.5,80.8,62.6,0,0,0,0,0,0
Brandon Lloyd,1436,WR,14,SF,85,0,0,85,0,0,0,0,0,63.3,,62.8,0,0,0,0,3,0
Mike Scifres,1458,P,1,SD,1,0,1,0,0,0,0,0,0,60.0,,,0,0,0,0,0,0
Antonio Gates,1609,TE,16,SD,206,0,13,193,0,0,0,0,1,72.3,58.9,55.1,0,1,0,1,3,0
Kassim Osgood,1676,WR,5,SF,6,0,0,6,0,0,0,0,0,52.9,,60.0,0,0,0,0,0,0
Tony Romo,1693,QB,15,DAL,952,502,0,450,0,0,0,0,0,83.2,,60.0,6,1,4,11,7,0
Eli Manning,1722,QB,16,NYG,1102,670,1,431,0,0,0,0,0,70.9,61.3,60.0,4,1,1,6,4,0
Larry Fitzgerald,1724,WR,14,ARZ,309,0,7,302,0,0,0,0,0,76.1,68.7,82.0,0,0,0,0,2,1
Philip Rivers,1725,QB,16,SD,1035,670,0,365,0,0,0,0,0,77.8,,60.0,5,0,4,9,2,0
Ben Roethlisberger,1732,QB,16,PIT,1077,687,1,389,0,0,0,0,0,86.6,62.2,60.0,3,0,3,6,3,0
Steven Jackson,1745,HB,15,ATL,85,0,81,4,0,0,0,0,0,76.8,89.8,73.9,0,0,1,1,1,0
Benjamin Watson,1753,TE,16,NO,380,0,103,277,0,0,0,0,0,63.8,69.7,68.5,2,2,2,6,1,0
Nick Hardwick,1787,C,1,SD,15,0,9,6,0,0,16,0,0,55.8,37.8,58.2,0,0,0,0,0,0
Matt Schaub,1811,QB,2,OAK,20,14,0,6,0,0,0,0,0,24.4,,60.0,0,0,1,1,0,0
Jerricho Cotchery,1829,WR,15,CAR,279,0,1,278,0,0,0,0,0,68.0,67.4,67.0,0,0,0,0,1,0
Will Allen,1832,S,2,PIT,1,0,1,0,0,0,0,0,0,60.0,,,0,0,0,0,1,1
Andy Lee,1906,P,1,SF,1,1,0,0,0,0,0,0,0,20.7,,,0,0,0,0,0,0
Scott Wells,1965,C,16,SL,978,0,590,388,0,0,1014,0,0,55.1,55.7,59.4,1,3,23,27,6,0
Tyson Clabo,2011,T,7,HST,99,0,47,52,1,0,0,0,86,71.6,56.5,75.3,0,1,4,5,0,0
Malcom Floyd,2044,WR,16,SD,303,0,0,303,0,0,0,0,0,74.6,,63.2,0,0,0,0,1,0
Don Muhlbach,2130,LS,1,DET,2,0,2,0,0,0,0,0,0,60.0,,,0,0,0,0,0,0
Jason Peters,2148,T,16,PHI,1146,0,699,447,1132,0,0,0,3,92.3,91.4,88.1,4,4,17,25,8,1
Wes Welker,2204,WR,14,DEN,242,0,0,242,0,0,0,0,0,61.7,,69.6,0,0,0,0,1,0
Alex Smith,2218,QB,15,KC,922,577,0,345,0,0,0,0,0,72.9,,60.0,4,1,5,10,2,0
Ronnie Brown,2219,HB,9,SD,17,0,17,0,0,0,0,0,0,59.7,67.0,,1,1,0,2,0,0
Aaron Rodgers,2241,QB,16,GB,969,613,0,356,0,0,0,0,0,93.3,,60.0,5,0,0,5,5,0
Jason Campbell,2242,QB,4,CIN,31,22,0,9,0,0,0,0,0,53.4,,60.0,0,0,0,0,0,0
Chris Spencer,2243,C,9,TEN,332,0,215,117,0,0,326,0,0,63.6,66.0,65.4,2,1,5,8,3,0
Roddy White,2244,WR,14,ATL,251,0,1,250,0,0,0,0,0,68.5,55.9,55.2,0,0,1,1,5,0
Heath Miller,2247,TE,16,PIT,534,0,129,405,0,0,0,0,0,74.2,55.5,74.2,1,3,7,11,3,0
Logan Mankins,2249,G,16,TB,910,0,599,311,0,937,0,0,0,74.7,76.5,76.3,3,5,14,22,7,2
Michael Roos,2258,T,5,TEN,289,0,187,102,300,0,0,0,0,79.7,84.2,76.4,1,0,8,9,3,0
Khalif Barnes,2269,T,14,OAK,766,0,510,256,0,224,0,0,559,57.7,63.9,55.7,4,5,18,27,4,1
Vincent Jackson,2278,WR,16,TB,282,0,0,282,0,0,0,0,0,75.7,,74.4,0,0,0,0,2,0
Frank Gore,2282,HB,16,SF,161,0,121,40,0,0,0,0,0,62.7,71.0,85.7,3,1,6,10,3,0
Courtney Roby,2285,WR,1,ATL,10,0,0,10,0,0,0,0,0,56.3,,60.9,0,0,0,0,0,0
Alex Smith,2288,TE,2,CIN,13,0,4,9,0,0,0,0,0,58.8,72.5,59.5,0,0,0,0,0,0
Evan Mathis,2296,G,9,PHI,597,0,347,250,1,605,0,1,1,90.8,87.9,87.7,2,2,5,9,2,0
Adam Snyder,2311,G,4,NYG,101,0,60,41,7,97,0,0,0,58.5,74.2,57.1,1,0,1,2,1,0
Dustin Colquitt,2316,P,2,KC,2,1,0,1,0,0,0,0,0,61.9,,60.0,0,0,0,0,0,0
Kyle Orton,2323,QB,12,BUF,792,509,0,283,0,0,0,0,0,57.7,,60.0,5,2,0,7,3,0
Todd Herremans,2343,G,8,PHI,577,0,372,205,3,0,0,507,75,64.0,53.7,68.8,0,5,17,22,3,1
Darren Sproles,2347,HB,15,PHI,31,0,15,16,0,0,0,0,0,66.5,80.9,61.1,0,1,0,1,0,0
Will Svitek,2404,T,3,TEN,188,0,127,61,190,0,0,0,0,56.2,48.0,60.6,6,4,11,21,0,0
Chris Myers,2417,C,16,HST,1102,0,585,517,0,0,1124,0,0,74.7,66.7,76.3,1,3,20,24,4,2
Joe Berger,2424,G,12,MIN,614,0,384,230,0,0,53,567,0,74.5,70.8,72.9,3,2,12,17,1,0
Derek Anderson,2430,QB,6,CAR,173,107,0,66,0,0,0,0,0,70.0,,60.0,1,1,0,2,1,0
Kevin Vickerson,2433,DI,1,KC,1,0,1,0,0,0,0,0,0,60.0,,,0,0,0,0,1,0
Matt Cassel,2447,QB,3,MIN,135,86,0,49,0,0,0,0,0,48.8,,60.0,0,0,0,0,0,0
Ryan Fitzpatrick,2467,QB,12,HST,709,391,0,318,0,0,0,0,0,74.5,,60.0,6,0,3,9,4,0
Jon Condo,2539,LS,1,OAK,1,0,1,0,0,0,1,0,0,60.0,0.0,,0,0,0,0,0,0
Dan Connolly,2540,G,13,NE,833,0,508,325,0,630,181,37,0,56.8,44.4,62.3,1,14,21,36,3,0
John Kuhn,2686,FB,16,GB,132,0,18,114,0,0,0,0,0,73.2,74.0,80.9,0,1,0,1,2,0
Lance Moore,2718,WR,14,PIT,54,0,2,52,0,0,0,0,0,57.2,71.9,67.5,0,0,0,0,1,0
Erik Pears,2737,G,16,BUF,1061,0,663,398,0,0,0,1086,0,64.9,59.4,64.3,4,6,23,33,5,2
Greg Warren,2831,LS,2,PIT,2,0,2,0,0,0,0,0,0,60.0,,,0,0,0,0,0,0
Nate Washington,2832,WR,16,TEN,227,0,0,227,0,0,0,0,0,64.8,,71.6,0,0,0,0,1,0
Reggie Bush,2947,HB,11,DET,17,0,11,6,0,0,0,0,0,73.6,49.6,71.7,1,0,1,2,0,0
D'Brickashaw Ferguson,2949,T,16,NYJ,1088,0,615,473,1095,2,0,0,0,75.3,82.6,61.8,1,9,27,37,2,0
Vernon Davis,2951,TE,14,SF,378,0,40,338,6,0,0,0,3,53.8,76.3,64.3,0,0,1,1,3,0
Donte Whitner,2953,S,1,CLV,1,0,0,1,0,0,0,0,0,60.0,,60.0,0,0,0,0,0,0
Jay Cutler,2956,QB,15,CHI,950,665,0,285,0,0,0,0,0,64.5,,60.0,2,1,1,4,5,0
Davin Joseph,2968,G,16,SL,876,0,535,341,0,0,0,907,0,55.4,58.7,57.0,5,8,19,32,6,1
Santonio Holmes,2970,WR,9,CHI,65,0,0,65,0,0,0,0,0,52.1,,75.7,0,0,0,0,2,2
DeAngelo Williams,2972,HB,6,CAR,24,0,17,7,0,0,0,0,0,69.8,70.5,59.7,1,0,0,1,0,0
Marcedes Lewis,2973,TE,8,JAX,200,0,57,143,0,0,0,0,2,57.1,72.7,59.2,1,0,2,3,1,1
Nick Mangold,2974,C,15,NYJ,979,0,563,416,0,0,1000,0,0,84.6,86.4,81.3,1,2,4,7,2,1
Daryn Colledge,2992,G,13,MIA,740,0,466,274,0,763,0,0,0,53.4,66.5,51.1,7,5,9,21,5,1
Kellen Clemens,2994,QB,2,SD,15,4,0,11,0,0,0,0,0,63.8,,60.0,0,0,0,0,0,0
Greg Jennings,2997,WR,16,MIN,280,0,0,280,0,0,0,0,0,71.8,,66.3,0,0,0,0,2,0
Anthony Fasano,2998,TE,15,KC,383,0,92,291,0,0,0,0,0,61.1,58.4,67.3,1,1,3,5,7,1
Andrew Whitworth,3000,T,16,CIN,1031,0,571,460,1018,0,0,0,0,92.1,93.5,86.0,0,1,8,9,5,2
Chris Chester,3001,G,16,WAS,1051,0,669,382,0,0,3,1088,0,70.9,81.3,62.5,5,3,16,24,3,0
Devin Hester,3002,WR,16,ATL,65,0,0,65,0,0,0,0,0,64.3,,48.9,0,0,0,0,2,0
Maurice Jones-Drew,3005,HB,12,OAK,45,0,41,4,0,0,0,0,0,47.8,68.3,60.0,0,0,6,6,0,0
Tarvaris Jackson,3009,QB,1,SEA,3,1,0,2,0,0,0,0,0,61.0,,60.0,0,0,0,0,0,0
Eric Winston,3011,T,4,CIN,175,0,89,86,7,0,0,0,172,71.0,68.6,72.3,0,1,5,6,1,0
Paul McQuistan,3014,G,4,CLV,119,0,58,61,0,0,0,118,0,53.8,23.8,60.4,0,2,3,5,0,0
Charlie Whitehurst,3026,QB,7,TEN,350,228,0,122,0,0,0,0,0,68.7,,60.0,2,0,1,3,3,0
Derek Hagan,3027,WR,16,TEN,102,0,5,97,0,0,0,0,0,58.9,74.3,61.3,0,0,0,0,1,1
Owen Daniels,3043,TE,15,BLT,379,0,54,325,0,0,0,0,0,70.9,72.5,59.7,0,0,1,1,3,0
Brad Smith,3048,WR,12,PHI,39,0,0,39,0,0,0,0,0,51.9,,82.0,0,0,0,0,0,0
Jahri Evans,3053,G,16,NO,1139,0,740,399,0,0,0,1158,0,70.6,61.9,70.3,6,7,34,47,2,1
Jason Avant,3054,WR,16,KC,166,0,0,166,0,0,0,0,0,62.8,,80.6,0,0,0,0,1,0
Leon Washington,3062,HB,16,TEN,49,0,49,0,0,0,0,0,1,60.4,66.2,60.0,1,0,4,5,2,1
Brandon Marshall,3064,WR,13,CHI,241,0,2,239,0,0,0,0,0,74.8,77.0,91.5,0,0,0,0,6,1
Domata Peko Sr.,3068,DI,7,CIN,14,0,1,13,0,0,0,0,0,63.2,62.0,62.6,0,0,0,0,2,0
Rob Sims,3073,G,16,DET,1093,0,705,388,0,1111,0,0,0,73.8,75.0,69.1,5,6,22,33,3,0
Willie Colon,3076,G,16,NYJ,1080,0,609,471,0,0,0,1101,0,64.7,83.4,62.2,1,3,20,24,14,2
Parys Haralson,3085,LB,1,NO,2,0,0,2,0,0,0,0,0,57.7,,56.6,0,0,0,0,5,2
Jonathan Scott,3086,T,1,ATL,3,0,0,3,0,0,0,3,0,50.3,,51.1,0,0,0,0,0,0
Delanie Walker,3120,TE,15,TEN,264,0,24,240,0,0,0,0,3,74.0,72.4,79.5,0,0,2,2,2,0
Kevin Boothe,3121,G,1,OAK,19,0,13,6,0,0,19,0,0,63.4,80.1,59.0,0,0,0,0,0,0
Bruce Gradkowski,3139,QB,1,PIT,5,0,0,5,0,0,0,0,0,61.3,,60.0,0,0,0,0,0,0
Charlie Johnson,3144,G,14,MIN,863,0,536,327,0,887,0,0,0,61.7,67.4,56.6,5,7,27,39,1,0
Zach Strief,3155,T,16,NO,1058,0,693,365,0,0,0,0,1076,76.4,76.4,69.8,3,6,31,40,3,0
Will Montgomery,3179,C,10,DEN,581,0,331,250,0,1,585,6,0,72.6,87.5,66.8,1,0,3,4,4,0
Marques Colston,3197,WR,16,NO,267,0,4,263,0,0,0,0,0,65.3,68.9,62.8,0,0,0,0,1,0
Miles Austin,3211,WR,12,CLV,207,0,1,206,0,0,0,0,0,75.3,64.9,66.4,0,0,0,0,2,0
Daniel Fells,3309,TE,16,NYG,291,0,23,268,2,0,0,0,7,78.8,64.4,72.4,1,0,1,2,1,0
Thomas Gafford,3316,LS,2,KC,2,0,1,1,0,0,0,0,0,60.0,,60.0,0,0,0,0,0,0
Fred Jackson,3368,HB,14,BUF,103,1,85,17,0,0,0,0,0,71.3,57.1,59.4,0,4,5,9,0,0
Montell Owens,3452,FB,1,CHI,1,0,0,1,0,0,0,0,0,60.0,,60.0,0,0,0,0,0,0
Donald Penn,3459,T,16,OAK,1020,0,690,330,1046,0,0,0,1,88.3,90.2,72.5,4,3,29,36,2,1
Micheal Spurlock,3517,WR,1,CHI,5,0,1,4,0,0,0,0,0,37.1,65.0,56.5,0,0,0,0,0,0
Steve Weatherford,3552,P,1,NYG,1,0,0,1,0,0,0,0,0,60.0,,60.0,0,0,0,0,0,0
Calvin Johnson,3618,WR,13,DET,201,0,0,201,0,0,0,0,0,89.8,,75.9,0,0,0,0,2,0
Joe Thomas,3619,T,16,CLV,1052,0,584,468,1077,0,0,0,0,90.9,92.9,86.6,2,3,12,17,9,3
Adrian Peterson,3623,HB,1,MIN,11,0,8,3,0,0,0,0,0,58.4,81.1,59.9,0,0,0,0,0,0
Ted Ginn Jr.,3625,WR,16,ARZ,18,1,0,17,0,0,0,0,0,67.6,,61.0,0,0,0,0,0,0
Marshawn Lynch,3628,HB,16,SEA,100,0,55,45,0,0,0,0,0,86.7,78.3,84.5,0,0,3,3,2,0
Dwayne Bowe,3639,WR,15,KC,279,0,0,279,0,0,0,0,0,71.7,,80.6,0,0,0,0,3,1
Robert Meachem,3643,WR,11,NO,106,0,0,106,0,0,0,0,0,68.0,,93.1,0,0,0,0,1,0
Joe Staley,3644,T,16,SF,1056,0,632,424,1069,0,0,0,0,89.1,83.2,90.4,4,3,22,29,10,4
Ben Grubbs,3645,G,16,NO,1133,0,736,397,0,1152,0,0,0,71.2,76.2,63.6,1,6,27,34,3,0
Greg Olsen,3647,TE,16,CAR,499,0,69,430,10,0,0,0,5,84.2,83.2,78.0,0,0,0,0,5,0
Eric Weddle,3653,S,1,SD,1,1,0,0,0,0,0,0,0,60.0,,,0,0,0,0,3,0
Zach Miller,3654,TE,3,SEA,86,0,25,61,0,0,0,0,0,65.2,73.2,53.9,0,0,1,1,4,1
Justin Blalock,3655,G,15,ATL,970,0,648,322,0,991,0,0,0,71.7,79.6,64.6,3,6,20,29,5,2
Drew Stanton,3659,QB,9,ARZ,454,292,1,161,0,0,0,0,0,51.0,61.3,60.0,1,0,0,1,3,1
Ryan Kalil,3675,C,16,CAR,1076,0,639,437,0,0,1101,0,0,72.0,73.2,71.5,3,1,20,24,1,0
Samson Satele,3676,C,16,MIA,1075,0,684,391,0,0,1102,2,0,63.3,63.9,64.3,3,12,15,30,7,1
Ryan Harris,3686,T,16,KC,956,0,572,384,1,0,0,0,978,70.1,65.7,70.1,5,7,25,37,3,0
Jacoby Jones,3689,WR,14,BLT,68,0,0,68,0,0,0,0,0,55.9,,61.5,0,0,0,0,0,0
Matt Spaeth,3693,TE,15,PIT,265,0,68,197,0,0,0,0,0,64.1,67.9,67.2,0,0,4,4,1,0
James Jones,3694,WR,16,OAK,173,0,0,173,0,0,0,0,0,65.7,,66.8,0,0,0,0,5,0
Marshal Yanda,3702,G,16,BLT,1062,0,623,439,0,0,0,1001,81,93.5,86.5,93.2,2,5,11,18,5,1
Zak DeOssie,3732,LS,1,NYG,1,0,0,1,0,0,0,0,0,60.0,,60.0,0,0,0,0,0,0
Manuel Ramirez,3733,C,16,DEN,1125,0,669,456,0,0,576,580,0,70.3,72.4,68.4,1,3,16,20,5,0
Allen Barbre,3735,T,1,PHI,33,0,22,11,0,0,0,0,33,81.6,76.5,83.9,0,0,0,0,0,0
Doug Free,3738,T,11,DAL,700,0,366,334,0,0,0,0,716,79.3,73.5,78.3,3,2,17,22,4,0
Jermon Bushrod,3741,T,14,CHI,922,0,631,291,946,0,0,0,0,68.7,79.0,56.8,5,9,31,45,5,0
Scott Chandler,3745,TE,16,BUF,253,0,39,214,0,0,0,0,0,60.5,73.1,63.3,0,0,0,0,6,0
Dante Rosario,3771,TE,16,CHI,156,0,29,127,0,0,0,0,0,57.5,45.6,68.0,3,1,1,5,1,0
Will Herring,3777,ST,2,SL,2,0,2,0,0,0,0,0,0,60.0,,,0,0,0,0,0,0
Brent Celek,3778,TE,16,PHI,502,0,71,431,15,0,0,0,24,76.7,66.8,84.3,1,0,5,6,0,0
Jordan Palmer,3821,QB,1,TEN,4,3,0,1,0,0,0,0,0,46.1,,60.0,0,0,0,0,0,0
Corey Hilliard,3825,T,1,DET,62,0,34,28,0,0,0,0,63,66.0,81.1,62.3,0,0,1,1,1,0
Ahmad Bradshaw,3866,HB,10,IND,104,0,93,11,0,0,0,0,0,75.5,75.1,76.5,0,2,5,7,0,0
Jackie Battle,3885,FB,16,TEN,85,0,10,75,0,0,0,1,0,77.0,54.3,72.4,1,0,0,1,0,0
Matt Moore,4018,QB,2,MIA,28,4,0,24,0,0,0,0,0,55.5,,60.0,0,0,0,0,0,0
Lyle Sendlein,4062,C,16,ARZ,1057,0,664,393,0,0,1089,0,0,54.4,60.4,49.8,1,11,17,29,4,0
Pierre Thomas,4080,HB,11,NO,36,0,32,4,0,0,0,0,0,76.4,70.8,60.0,0,0,3,3,1,0
Eric Weems,4097,WR,15,ATL,82,0,1,81,0,0,0,0,0,61.7,66.2,79.2,0,0,0,0,1,0
Jake Long,4315,T,7,SL,434,0,266,168,448,0,0,0,0,71.6,79.4,58.9,3,4,13,20,1,0
Matt Ryan,4317,QB,16,ATL,1059,720,0,339,0,0,0,0,0,84.8,,60.0,3,2,1,6,1,0
Darren McFadden,4318,HB,16,OAK,144,1,122,21,0,0,0,0,0,60.2,74.2,70.2,0,2,11,13,3,3
Ryan Clady,4326,T,16,DEN,1054,0,643,411,1082,0,0,0,1,74.7,72.3,69.1,2,9,21,32,6,2
Jonathan Stewart,4327,HB,13,CAR,134,0,88,46,0,0,0,0,0,76.5,90.8,63.1,1,2,0,3,1,0
Chris Williams,4328,G,3,BUF,131,0,62,69,0,132,0,0,0,46.6,54.3,45.8,0,1,3,4,1,1
Branden Albert,4329,T,9,MIA,543,0,332,211,551,0,0,0,1,84.4,91.5,73.5,3,1,5,9,3,0
Gosder Cherilus,4331,T,13,IND,950,0,637,313,0,0,0,0,953,61.4,65.5,59.0,6,15,27,48,2,0
Joe Flacco,4332,QB,16,BLT,1037,626,0,411,0,0,0,0,0,77.2,,60.0,3,4,1,8,2,0
Chris Johnson,4338,HB,16,NYJ,72,0,34,38,0,0,0,0,0,54.8,80.6,74.3,0,0,1,1,0,0
Duane Brown,4340,T,16,HST,1100,0,583,517,1115,0,0,0,0,80.2,84.4,72.9,2,9,14,25,7,0
Donnie Avery,4347,WR,6,KC,76,0,0,76,0,0,0,0,0,61.8,,59.7,0,0,0,0,1,0
Jordy Nelson,4350,WR,16,GB,353,0,0,353,0,0,0,0,0,89.4,,79.0,0,0,0,0,1,0
John Carlson,4352,TE,16,ARZ,320,0,59,261,0,0,0,0,0,52.1,50.1,58.1,1,3,0,4,4,1
Eddie Royal,4356,WR,16,SD,210,0,0,210,0,0,0,0,0,72.2,,73.6,0,0,0,0,3,0
Matt Forte,4358,HB,16,CHI,156,0,125,31,0,0,0,0,0,63.6,55.1,72.3,5,2,6,13,2,1
DeSean Jackson,4363,WR,15,WAS,239,0,0,239,0,0,0,0,0,74.9,,48.3,0,0,0,0,2,0
Chad Henne,4371,QB,3,JAX,139,101,0,38,0,0,0,0,0,46.9,,60.0,2,0,1,3,0,0
Mike Pollak,4373,G,11,CIN,440,0,233,207,0,118,0,327,0,78.9,77.3,73.8,0,0,7,7,0,0
Martellus Bennett,4375,TE,16,CHI,365,0,82,283,0,0,0,0,0,79.7,59.4,75.8,0,1,2,3,5,2
John Greco,4379,G,16,CLV,1052,0,584,468,0,0,118,960,0,79.7,77.1,77.5,2,6,14,22,5,1
Jamaal Charles,4387,HB,15,KC,86,0,62,24,0,0,0,0,0,72.1,70.7,61.0,1,0,4,5,2,0
Jeremy Zuttah,4397,C,16,BLT,1067,0,626,441,0,0,1087,0,0,76.3,71.0,77.3,1,0,23,24,6,1
Harry Douglas,4398,WR,12,ATL,141,0,2,139,0,0,0,0,0,70.1,67.3,54.2,0,0,0,0,3,1
Craig Stevens,4399,TE,5,TEN,48,0,6,42,0,0,0,0,0,71.2,76.1,70.5,0,0,0,0,0,0
Chad Rinehart,4410,G,16,SD,1067,0,674,393,0,1089,0,0,0,62.6,64.0,58.2,4,6,31,41,3,0
Andre Caldwell,4411,WR,15,DEN,75,0,0,75,0,0,0,0,0,49.0,,82.4,0,0,0,0,1,0
Oniel Cousins,4413,T,7,TB,334,0,220,114,183,0,0,0,129,51.5,46.1,65.5,4,6,19,29,5,0
Cody Wallace,4421,C,4,PIT,148,0,87,61,0,146,7,0,0,56.2,49.7,57.2,1,1,1,3,0,0
Kory Lichtensteiger,4422,C,16,WAS,1052,0,670,382,0,0,1092,0,0,73.0,79.9,67.1,1,1,14,16,3,1
Mike McGlynn,4423,G,14,KC,805,0,476,329,0,815,0,10,0,50.4,57.7,49.3,6,4,18,28,5,1
Anthony Collins,4426,T,10,TB,621,0,409,212,642,0,0,0,0,65.3,65.6,66.7,1,14,14,29,10,1
Jacob Tamme,4441,TE,15,DEN,101,0,19,82,0,0,0,0,0,57.0,80.3,62.1,0,0,0,0,1,0
Tony Hills,4444,T,2,DAL,5,0,0,5,0,0,0,0,0,71.4,,68.6,0,0,0,0,0,0
Josh Sitton,4449,G,16,GB,995,0,618,377,0,1016,0,0,0,83.6,94.3,73.2,0,4,6,10,3,0
Gary Barnidge,4455,TE,13,CLV,177,0,25,152,0,0,0,0,0,65.9,65.5,70.1,0,0,2,2,1,0
Jerome Felton,4460,FB,16,MIN,142,0,7,135,0,0,0,0,0,85.6,83.6,80.3,0,0,0,0,0,0
Breno Giacomini,4464,T,16,NYJ,1088,0,615,473,0,0,0,0,1110,70.0,73.7,67.7,3,7,31,41,7,0
Matthew Slater,4467,WR,7,NE,13,0,0,13,0,0,0,0,0,60.1,,60.0,0,0,0,0,0,0
Kellen Davis,4472,TE,6,DET,88,0,22,66,0,0,0,0,0,50.9,60.6,65.6,0,0,0,0,1,0
Josh Morgan,4488,WR,14,CHI,149,0,0,149,0,0,0,0,0,52.5,,88.9,0,0,0,0,2,0
John Sullivan,4501,C,16,MIN,975,0,616,359,0,0,997,0,0,70.0,78.3,65.2,2,6,12,20,3,1
Andy Studebaker,4517,ED,1,IND,1,0,1,0,0,0,0,0,0,60.0,,,0,0,0,0,1,0
Pierre Garcon,4519,WR,16,WAS,292,1,0,291,0,0,0,0,0,70.4,,73.7,0,0,0,0,3,0
Matt Flynn,4523,QB,7,GB,57,20,0,37,0,0,0,0,0,46.0,,60.0,0,0,0,0,0,0
Nate Garner,4525,G,5,MIA,49,0,12,37,0,17,14,0,16,53.5,82.3,49.3,0,0,0,0,0,0
Steve Johnson,4538,WR,13,SF,67,0,0,67,0,0,0,0,0,83.4,,59.0,0,0,0,0,2,1
Peyton Hillis,4541,HB,6,NYG,28,0,28,0,0,0,0,0,0,54.1,60.5,60.0,0,1,2,3,0,0
King Dunlap,4544,T,16,SD,1058,0,669,389,1080,0,0,0,0,82.4,80.1,75.9,3,5,35,43,4,0
Justin Forsett,4547,HB,16,BLT,145,0,129,16,0,0,0,0,0,72.3,89.5,59.6,1,1,7,9,0,0
Geoff Schwartz,4555,G,2,NYG,89,0,48,41,0,0,0,0,93,79.3,64.3,84.3,1,0,5,6,0,0
Mackenzy Bernadeau,4564,G,3,DAL,74,0,43,31,0,69,0,6,0,59.0,85.7,49.0,0,0,1,1,0,0
Tyler Polumbus,4581,T,11,WAS,471,0,304,167,2,0,0,0,486,60.1,60.4,57.0,8,0,13,21,2,0
Ryan Wendell,4602,G,14,NE,882,0,549,333,0,58,164,678,0,75.0,63.0,78.8,1,4,18,23,4,1
Chris Clark,4623,T,12,DEN,474,0,248,226,77,0,0,0,360,66.9,75.8,62.7,2,2,6,10,7,2
Fernando Velasco,4641,G,9,CAR,397,0,235,162,0,102,3,302,0,65.9,66.8,62.0,0,2,12,14,0,0
Brian De La Puente,4679,C,8,CHI,488,0,311,177,0,181,320,0,0,69.2,70.4,65.8,3,1,6,10,2,0
Matthew Mulligan,4701,TE,4,TEN,53,0,20,33,0,0,0,0,0,54.9,82.3,56.3,0,0,0,0,1,0
Marcel Reece,4702,FB,15,OAK,143,0,35,108,0,0,0,0,0,54.3,76.2,57.5,0,0,1,1,4,1
Danny Amendola,4717,WR,16,NE,134,0,0,134,0,0,0,0,0,57.2,,63.2,0,0,0,0,2,0
Mike Tolbert,4740,FB,8,CAR,80,0,32,48,0,0,0,0,0,50.6,54.1,54.0,1,2,3,6,1,1
Jed Collins,4743,FB,16,DET,167,0,27,140,0,0,0,0,0,67.0,64.9,73.9,0,0,1,1,2,0
Joe Reitz,4789,G,8,IND,270,0,168,102,0,87,0,101,79,73.2,81.1,64.3,2,0,4,6,1,0
Doug Legursky,4860,C,2,SD,133,0,75,58,0,0,137,0,0,40.7,60.3,43.0,0,2,2,4,2,0
Danny Woodhead,4914,HB,3,SD,12,0,8,4,0,0,0,0,0,57.9,75.0,60.0,0,1,0,1,0,0
Matthew Stafford,4924,QB,16,DET,1067,705,0,362,0,0,0,0,0,69.0,,60.0,5,0,1,6,3,0
Mark Sanchez,4928,QB,9,PHI,603,356,0,247,0,0,0,0,0,58.9,,60.0,2,0,0,2,3,0
Andre Smith,4929,T,9,CIN,483,0,276,207,5,0,0,0,490,65.2,67.6,68.1,4,1,5,10,7,1
Darrius Heyward-Bey,4930,WR,14,PIT,46,0,0,46,0,0,0,0,0,41.8,,39.9,0,0,0,0,1,0
Eugene Monroe,4931,T,11,BLT,728,0,428,300,743,0,0,0,0,65.7,74.7,57.9,3,6,14,23,9,2
Michael Crabtree,4933,WR,16,SF,216,0,0,216,0,0,0,0,0,66.1,,64.8,0,0,0,0,4,3
Knowshon Moreno,4935,HB,3,MIA,14,0,10,4,0,0,0,0,0,57.0,35.1,60.0,0,0,1,1,0,0
Jeremy Maclin,4942,WR,16,PHI,367,0,0,367,0,0,0,0,0,80.6,,67.7,0,0,0,0,3,1
Brandon Pettigrew,4943,TE,14,DET,375,0,92,283,0,0,0,0,0,55.1,57.3,70.1,1,4,2,7,5,0
Alex Mack,4944,C,5,CLV,297,0,161,136,0,0,300,0,0,74.3,81.6,69.2,0,0,1,1,0,0
Percy Harvin,4945,WR,13,NYJ,192,0,0,192,0,0,0,0,0,75.9,,60.2,0,0,0,0,1,0
Michael Oher,4946,T,11,TEN,651,0,419,232,3,0,0,0,664,64.0,67.8,58.4,6,4,26,36,5,1
Donald Brown,4950,HB,13,SD,67,0,63,4,0,0,0,0,0,56.5,90.0,60.7,0,0,2,2,0,0
Eric Wood,4951,C,16,BUF,1058,0,663,395,0,0,1083,0,0,73.6,75.8,71.7,3,5,16,24,4,1
Hakeem Nicks,4952,WR,16,IND,127,0,0,127,0,0,0,0,0,59.1,,59.9,0,0,0,0,1,0
Kenny Britt,4953,WR,16,SL,282,0,0,282,0,0,0,0,0,74.6,,68.1,0,0,0,0,5,1
Eben Britton,4962,G,9,CHI,93,0,49,44,0,16,0,0,0,67.8,67.9,67.9,0,0,3,3,1,0
Max Unger,4972,C,6,SEA,376,0,198,178,0,0,385,0,0,81.5,73.0,81.3,0,0,6,6,2,0
Andy Levitre,4974,G,16,TEN,966,0,626,340,0,988,0,0,0,71.1,71.6,72.6,6,1,21,28,9,1
LeSean McCoy,4976,HB,16,PHI,71,0,51,20,0,0,0,0,0,57.9,65.1,68.0,0,1,4,5,1,0
Phil Loadholt,4977,T,11,MIN,715,0,454,261,1,0,0,0,732,75.2,67.9,75.7,5,6,22,33,3,0
Sebastian Vollmer,4981,T,15,NE,1006,0,614,392,0,0,0,0,1024,77.5,76.9,72.1,4,5,19,28,3,1
Will Beatty,4983,T,16,NYG,1114,0,678,436,1139,0,0,0,0,79.9,78.5,73.5,3,10,19,32,9,0
Shonn Greene,4988,HB,13,TEN,23,0,14,9,0,0,0,0,0,46.0,27.7,60.8,0,0,6,6,0,0
Louis Vasquez,5001,G,16,DEN,1122,0,670,452,0,0,0,570,582,75.3,71.5,74.9,4,9,13,26,6,1
Kraig Urbik,5002,G,10,BUF,621,0,400,221,0,633,3,0,0,61.5,75.4,53.0,2,2,10,14,2,0
Brandon Tate,5006,WR,16,CIN,196,0,1,195,0,0,0,0,0,64.2,65.6,84.5,0,0,0,0,0,0
Mike Wallace,5007,WR,16,MIA,281,1,0,280,0,0,0,0,0,72.5,,63.4,0,0,0,0,2,0
Jared Cook,5012,TE,16,SL,257,0,27,230,0,0,0,0,0,72.4,73.2,71.0,0,0,1,1,6,1
Chris Owens,5013,CB,1,KC,1,0,0,1,0,0,0,0,0,60.0,,60.0,0,0,0,0,2,1
Chase Coffman,5021,TE,13,TEN,75,0,8,67,0,1,0,0,0,59.8,36.5,64.6,0,0,0,0,0,0
Brian Hartline,5031,WR,16,MIA,298,0,0,298,0,0,0,0,0,63.0,,58.0,0,0,0,0,2,0
T.J. Lang,5032,G,16,GB,947,0,573,374,1,0,0,962,3,88.6,86.3,80.9,3,2,12,17,2,0
Rich Ohrnberger,5047,C,8,SD,447,0,272,175,0,0,453,0,0,57.0,58.8,54.7,0,6,7,13,4,0
Louis Murphy Jr.,5048,WR,11,TB,102,0,0,102,0,0,0,0,0,60.5,,70.9,0,0,0,0,3,0
Tony Fiammetta,5052,FB,1,CHI,5,0,1,4,0,0,0,0,0,54.7,69.6,55.2,0,0,0,0,0,0
James Casey,5076,TE,16,PHI,130,0,13,117,0,0,0,0,0,83.2,68.2,83.9,0,1,0,1,0,0
Garrett Reynolds,5080,T,5,DET,224,0,151,73,0,0,0,39,187,60.4,63.3,61.7,3,2,4,9,4,1
Jamon Meredith,5086,T,6,TEN,209,0,129,80,129,0,0,0,70,53.1,55.2,60.1,4,1,7,12,3,1
Thomas Morstead,5088,P,1,NO,1,1,0,0,0,0,0,0,0,55.5,,,1,0,0,1,0,0
Frank Summers,5093,FB,10,BUF,89,0,16,73,0,0,0,0,0,50.8,66.9,50.4,0,0,1,1,0,0
Andrew Gardner,5105,T,14,PHI,670,0,387,283,27,6,0,471,176,68.5,61.6,72.9,5,5,15,25,5,0
Bear Pascoe,5108,TE,16,ATL,102,0,22,80,0,0,0,0,0,75.4,56.0,83.2,0,0,1,1,0,0
Cedric Peerman,5109,HB,7,CIN,10,0,7,3,0,0,0,0,0,56.4,81.9,60.0,0,0,0,0,0,0
Matt Slauson,5117,G,5,CHI,264,0,178,86,0,272,0,0,0,71.0,66.1,73.3,1,1,6,8,1,0
Brandon Gibson,5118,WR,14,MIA,171,0,0,171,0,0,0,0,0,56.6,,60.7,0,0,0,0,4,4
Brandon Myers,5126,TE,14,TB,214,0,36,178,1,0,0,0,0,55.0,38.5,68.3,1,0,3,4,0,0
John Phillips,5132,TE,16,SD,172,0,16,156,0,0,0,0,0,55.2,80.8,58.3,0,0,0,0,2,0
Chris Ogbonnaya,5135,HB,5,NYG,12,0,9,3,0,0,0,0,0,54.6,58.8,60.0,0,1,0,1,0,0
Paul Fanaika,5137,G,14,ARZ,889,0,563,326,0,0,0,916,0,59.0,64.3,59.4,1,7,29,37,7,1
Pat McAfee,5146,P,1,IND,1,1,0,0,0,0,0,0,0,73.0,,,0,0,0,0,0,0
A.Q. Shipley,5150,C,9,IND,423,0,278,145,0,33,385,21,0,71.9,79.2,68.9,0,3,5,8,2,0
Julian Edelman,5156,WR,14,NE,245,0,2,243,0,0,0,0,0,75.8,73.3,62.1,0,0,0,0,1,0
David Johnson,5165,TE,13,SD,160,0,11,149,0,0,0,0,0,72.2,34.0,73.9,0,0,2,2,2,0
Lance Louis,5170,G,8,IND,526,0,334,192,0,85,0,457,0,58.4,53.2,63.0,1,7,11,19,3,0
Rashad Jennings,5174,HB,11,NYG,70,0,65,5,0,0,0,0,0,58.5,76.6,60.0,0,0,4,4,1,0
Chase Daniel,5214,QB,3,KC,64,35,0,29,0,0,0,0,0,68.1,,60.0,1,0,0,1,0,0
Will Ta'ufo'ou,5226,FB,16,JAX,166,0,41,125,0,0,0,0,0,69.5,52.5,70.8,2,0,3,5,1,1
Ramon Foster,5229,G,14,PIT,962,0,602,360,0,981,0,0,0,68.4,79.8,61.2,2,4,24,30,3,0
Dallas Reynolds,5241,C,7,NYG,31,0,13,18,0,0,10,14,0,45.4,49.8,55.9,0,0,2,2,1,0
Colt Anderson,5242,S,1,IND,1,0,1,0,0,0,0,0,0,60.0,,,0,0,0,0,0,0
Brian Hoyer,5277,QB,14,CLV,895,499,0,396,0,0,0,0,0,59.0,,60.0,0,2,3,5,2,0
Ashlee Palmer,5281,LB,1,DET,2,0,2,0,0,0,0,0,0,60.0,,,0,0,0,0,0,0
Chris Williams,5321,WR,5,CHI,7,0,0,7,0,0,0,0,0,42.6,,54.5,0,0,0,0,1,0
Kevin Brock,5328,TE,12,CIN,117,0,14,103,1,0,0,0,0,56.4,69.1,64.4,0,0,0,0,0,0
Garry Williams,5341,T,1,CAR,26,0,12,14,3,0,0,0,20,65.1,80.5,57.2,0,0,0,0,0,0
Alex Boone,5372,G,15,SF,943,0,573,370,2,0,0,960,0,73.2,76.4,68.4,3,0,17,20,4,1
Kevin Ogletree,5387,WR,7,NYG,30,0,0,30,0,0,0,0,0,56.5,,43.3,0,0,0,0,0,0
Evan Smith,5390,C,15,TB,928,0,617,311,0,0,952,0,0,67.6,75.4,71.6,2,4,14,20,5,1
Arian Foster,5398,HB,13,HST,69,1,47,21,0,0,0,0,0,71.7,59.9,54.2,1,0,6,7,0,0
Demar Dotson,5410,T,16,TB,979,0,638,341,173,0,0,0,834,73.5,79.9,67.2,6,2,20,28,15,1
Jermey Parnell,5426,T,15,DAL,380,0,187,193,0,0,0,0,366,81.8,78.9,79.0,0,1,9,10,1,0
Darrel Young,5438,FB,16,WAS,139,0,11,128,0,0,0,0,0,81.3,85.8,70.6,0,1,0,1,0,0
Antone Smith,5440,HB,10,ATL,17,0,11,6,0,0,0,0,0,78.4,67.4,78.4,0,0,2,2,0,0
Josh Mauga,5491,LB,1,KC,1,0,0,1,0,0,0,0,0,60.0,,60.0,0,0,0,0,1,0
Tanner Purdum,5508,LS,1,NYJ,1,0,1,0,0,0,0,0,0,60.0,,,0,0,0,0,0,0
Trent Williams,5529,T,15,WAS,877,0,561,316,908,0,0,0,0,82.1,85.4,79.1,4,7,14,25,12,2
Russell Okung,5531,T,14,SEA,873,0,482,391,903,0,0,0,0,72.7,80.5,66.5,1,3,18,22,10,1
C.J. Spiller,5534,HB,9,BUF,24,0,16,8,0,0,0,0,0,55.5,36.1,60.6,2,0,1,3,1,0
Anthony Davis,5536,T,7,SF,429,0,260,169,1,0,0,0,439,68.0,63.3,78.7,3,2,12,17,4,1
Ryan Mathews,5537,HB,6,SD,18,0,8,10,0,0,0,0,0,69.1,81.6,60.5,0,0,0,0,0,0
Mike Iupati,5542,G,15,SF,946,0,556,390,0,970,0,0,0,80.6,68.1,82.3,7,2,22,31,4,1
Maurkice Pouncey,5543,C,16,PIT,1103,0,689,414,0,0,1127,0,0,77.3,86.2,73.2,1,2,16,19,5,1
Jermaine Gresham,5546,TE,15,CIN,499,0,110,389,10,0,0,0,10,68.4,77.3,71.2,0,0,1,1,6,1
Demaryius Thomas,5547,WR,16,DEN,397,0,0,397,0,0,0,0,0,89.9,,76.1,0,0,0,0,4,0
Bryan Bulaga,5548,T,15,GB,926,0,544,382,0,0,0,3,944,75.0,79.4,68.0,4,2,20,26,5,0
Dez Bryant,5549,WR,16,DAL,381,0,0,381,0,0,0,0,0,90.6,,67.4,0,0,0,0,1,0
Rodger Saffold,5558,G,16,SL,918,0,563,355,7,809,0,130,6,66.8,83.2,57.7,2,2,13,17,3,1
Dexter McCluster,5561,HB,14,TEN,17,0,10,7,0,0,0,0,0,66.9,34.2,73.9,0,1,1,2,0,0
Rob Gronkowski,5567,TE,15,NE,346,0,61,285,0,0,0,0,2,91.8,75.4,68.0,2,0,0,2,4,2
Zane Beadles,5570,G,16,JAX,1037,0,691,346,0,1055,0,0,0,65.0,81.5,54.1,2,3,12,17,2,0
Jimmy Clausen,5573,QB,4,CHI,88,54,0,34,0,0,0,0,0,59.1,,60.0,1,0,1,2,1,0
Toby Gerhart,5576,HB,14,JAX,71,0,63,8,0,0,0,0,0,48.4,59.1,59.0,1,1,2,4,0,0
Ben Tate,5583,HB,11,MIN,47,0,41,6,0,0,0,0,0,45.5,56.1,59.8,1,1,4,6,1,0
Golden Tate,5585,WR,16,DET,255,0,0,255,0,0,0,0,0,79.3,,50.9,0,0,0,0,1,0
Vladimir Ducasse,5586,G,8,MIN,408,0,263,145,0,163,0,253,0,57.8,68.2,54.3,4,1,9,14,5,0
Charles Brown,5589,T,1,NYG,62,0,44,18,0,0,0,0,62,42.9,38.4,54.9,1,1,6,8,1,1
Jon Asamoah,5593,G,15,ATL,945,0,626,319,0,0,0,966,0,74.4,81.2,68.3,2,3,21,26,5,2
Jared Veldheer,5594,T,16,ARZ,1057,0,664,393,1088,0,0,0,0,82.4,87.6,72.0,1,4,20,25,7,1
Ed Dickson,5595,TE,16,CAR,356,0,84,272,3,0,0,0,1,57.0,53.6,60.6,0,2,8,10,1,0
John Jerry,5598,G,16,NYG,1127,0,679,448,0,0,0,1138,14,67.2,73.6,62.3,4,2,23,29,5,1
Major Wright,5600,S,1,TB,1,0,0,1,0,0,0,0,0,60.0,,60.0,0,0,0,0,3,2
Brandon LaFell,5602,WR,16,NE,339,0,1,338,0,0,0,0,0,75.3,61.6,75.3,0,0,0,0,6,0
Donald Butler,5603,LB,1,SD,1,0,1,0,0,0,0,0,0,60.0,,,0,0,0,0,3,0
J.D. Walton,5604,C,16,NYG,1118,0,680,438,0,0,1145,0,0,67.5,69.5,66.5,1,3,16,20,5,0
Emmanuel Sanders,5606,WR,16,DEN,380,0,0,380,0,0,0,0,0,87.9,,55.9,0,0,0,0,5,0
Colt McCoy,5609,QB,5,WAS,229,160,0,69,0,0,0,0,0,61.5,,60.0,3,0,0,3,3,0
Eric Decker,5611,WR,15,NYJ,336,0,0,336,0,0,0,0,0,78.3,,71.0,0,0,0,0,3,1
Andre Roberts,5612,WR,16,WAS,200,0,3,197,0,0,0,0,0,61.2,40.6,75.0,0,0,1,1,0,0
Shawn Lauvao,5616,G,15,WAS,951,0,603,348,0,989,0,0,0,66.5,75.8,60.1,2,3,20,25,4,2
Tony Moeaki,5617,TE,6,SEA,114,0,22,92,0,0,0,0,0,69.6,33.6,69.9,0,0,2,2,0,0
Jimmy Graham,5619,TE,16,NO,225,0,27,198,0,0,0,0,0,74.7,62.9,74.4,0,0,2,2,4,1
Mike Williams,5625,WR,8,BUF,60,0,0,60,0,0,0,0,0,55.2,,66.5,0,0,0,0,1,0
Marcus Easley,5631,WR,1,BUF,3,0,0,3,0,0,0,0,0,60.1,,60.0,0,0,0,0,0,0
Joe McKnight,5636,HB,1,KC,2,0,0,2,0,0,0,0,0,88.4,,60.0,0,0,0,0,0,0
Dennis Pitta,5638,TE,3,BLT,73,0,13,60,0,0,0,0,0,68.0,61.3,57.4,0,0,1,1,1,0
Joe Hawley,5641,C,4,ATL,243,0,162,81,0,0,249,0,0,62.8,84.5,53.0,0,1,1,2,3,0
Garrett Graham,5642,TE,11,HST,275,0,54,221,0,0,0,0,0,57.4,65.3,60.9,0,3,1,4,1,0
Clay Harbor,5648,TE,13,JAX,238,0,62,176,0,0,0,0,0,65.3,50.0,73.3,0,2,6,8,2,0
Jason Fox,5651,T,5,MIA,214,0,137,77,73,0,0,0,144,59.1,59.7,62.4,0,3,8,11,2,0
Jacques McClendon,5652,G,7,JAX,207,0,142,65,0,0,118,93,0,41.7,48.7,43.8,1,2,4,7,2,0
Michael Hoomanawanui,5655,TE,16,NE,349,0,79,270,0,0,0,0,2,49.8,62.6,53.9,1,1,2,4,1,0
John Conner,5662,FB,12,NYJ,112,0,19,93,0,0,0,0,0,69.4,72.8,69.3,0,1,0,1,0,0
Chris Scott,5674,G,3,CAR,74,0,38,36,0,3,0,69,3,56.7,73.0,50.8,0,0,2,2,0,0
Andrew Quarless,5677,TE,16,GB,290,0,39,251,0,0,0,0,0,63.8,59.8,63.1,1,0,2,3,2,0
Riley Cooper,5682,WR,16,PHI,368,0,0,368,0,0,0,0,0,59.1,,76.1,0,0,0,0,4,0
Marshall Newhouse,5692,T,14,CIN,366,0,183,183,39,0,0,0,297,57.8,49.6,61.9,2,3,11,16,4,1
Anthony Dixon,5696,HB,13,BUF,43,0,33,10,0,0,0,0,0,65.7,76.1,59.9,0,1,1,2,0,0
Sam Young,5702,T,8,JAX,396,0,271,125,0,0,0,0,398,57.4,64.7,50.1,4,2,9,15,3,1
Eric Olsen,5706,G,5,TEN,16,0,2,14,0,0,0,2,0,61.0,71.8,59.3,0,0,0,0,1,0
Shelley Smith,5710,G,9,MIA,359,0,218,141,0,226,0,141,0,54.3,62.1,51.5,2,3,5,10,2,0
Jonathan Dwyer,5711,HB,2,ARZ,11,0,8,3,0,0,0,0,0,51.8,73.5,60.0,0,0,1,1,0,0
Eugene Sims,5712,ED,1,SL,1,0,1,0,0,0,0,0,0,60.0,,,0,0,0,0,6,0
James Starks,5716,HB,16,GB,35,0,26,9,0,0,0,0,0,54.7,80.9,59.9,0,0,1,1,1,0
Antonio Brown,5718,WR,16,PIT,386,2,0,384,0,0,0,0,0,91.2,,63.0,0,0,0,0,5,1
Joe Webb III,5722,QB,4,CAR,10,0,0,10,0,0,0,0,0,64.9,,61.7,0,0,0,0,0,0
Ted Larsen,5728,G,16,ARZ,1038,0,652,386,0,897,0,173,0,63.1,62.7,68.3,3,12,18,33,11,2
Mickey Shuler,5737,TE,3,JAX,50,0,16,34,0,0,0,0,0,42.1,78.6,45.4,0,0,0,0,0,0
Marc Mariani,5745,WR,1,CHI,1,0,0,1,0,0,0,0,0,56.4,,59.9,0,0,0,0,0,0
Jim Dray,5756,TE,16,CLV,416,0,70,346,1,0,0,0,0,67.9,79.0,64.6,1,0,1,2,4,0
Kavell Conner,5763,LB,1,SD,1,0,1,0,0,0,0,0,0,60.0,,,0,0,0,0,1,0
Erik Lorig,5775,FB,10,NO,113,0,22,91,0,0,0,0,0,51.2,39.9,57.2,0,2,2,4,0,0
Rafael Bush,5779,S,1,NO,1,0,1,0,0,0,0,0,0,60.0,,,0,0,0,0,2,0
Michael Palmer,5784,TE,10,PIT,25,0,2,23,0,0,0,0,0,55.6,66.4,60.3,0,0,0,0,1,0
Logan Paulsen,5795,TE,16,WAS,265,0,43,222,4,0,0,0,1,52.7,65.3,67.8,1,1,2,4,5,0
Joique Bell,5797,HB,15,DET,101,0,71,30,0,0,0,0,0,66.0,57.6,68.5,1,5,0,6,2,0
Jon Weeks,5800,LS,1,HST,1,0,1,0,0,0,0,0,0,60.0,,,0,0,0,0,0,0
Mike Windt,5813,LS,1,SD,1,0,1,0,0,0,0,0,0,60.0,,,0,0,0,0,0,0
Victor Cruz,5827,WR,6,NYG,161,0,0,161,0,0,0,0,0,61.8,,49.0,0,0,0,0,0,0
Ben Garland,5839,G,6,DEN,47,0,21,26,0,39,0,5,0,58.3,42.6,60.5,0,0,1,1,0,0
Austin Howard,5847,G,16,OAK,1033,0,701,332,0,1,0,1060,0,68.6,65.0,66.8,5,4,24,33,2,0
Lemuel Jeanpierre,5853,C,4,SEA,219,0,112,107,0,3,224,0,0,51.0,76.0,46.7,0,0,3,3,1,0
Jeff Cumberland,5861,TE,16,NYJ,527,0,106,421,10,0,0,0,0,48.9,50.5,55.2,3,0,8,11,4,1
David Nelson,5862,WR,6,NYJ,128,0,0,128,0,0,0,0,0,47.0,,58.9,0,0,0,0,2,0
LeGarrette Blount,5863,HB,16,NE,41,0,23,18,0,0,0,0,0,73.8,68.1,61.0,0,0,1,1,0,0
Alfonso Smith,5877,HB,3,SF,11,0,6,5,0,0,0,0,0,51.5,80.7,60.0,0,0,0,0,0,0
Marlon Moore,5887,WR,3,CLV,11,0,0,11,0,0,0,0,0,59.2,,59.0,0,0,0,0,0,0
Nick McDonald,5940,C,8,CLV,469,0,260,209,0,0,481,0,0,39.8,47.2,39.6,3,2,10,15,1,0
Frank Zombo,5945,ED,1,KC,1,0,0,1,0,0,0,0,0,60.0,,60.0,0,0,0,0,0,0
Preston Parker,5950,WR,15,NYG,168,0,0,168,0,0,0,0,0,61.8,,75.1,0,0,0,0,4,1
Jeff Linkenbach,5964,T,10,KC,220,0,148,72,0,216,0,0,1,57.1,49.2,58.9,2,1,9,12,1,0
Chris Ivory,6007,HB,16,NYJ,86,0,47,39,0,0,0,0,0,72.0,26.3,63.4,0,4,7,11,3,0
Steve Maneri,6028,TE,1,NE,16,0,3,13,0,0,0,0,0,65.9,73.9,83.5,0,0,0,0,0,0
Seyi Ajirotutu,6035,WR,14,SD,63,0,0,63,0,0,0,0,0,48.8,,54.4,0,0,0,0,2,0
Richard Brockel,6037,TE,4,CAR,29,0,2,27,0,0,0,0,3,51.9,71.2,50.7,0,0,0,0,1,0
George Johnson,6112,ED,1,DET,2,0,2,0,0,0,0,0,0,60.0,,,0,0,0,0,0,0
Justin Drescher,6117,LS,1,NO,1,0,1,0,0,0,0,0,0,60.0,,,0,0,0,0,0,0
Tyler Clutts,6124,FB,16,DAL,149,0,9,140,0,0,0,0,0,59.0,69.5,60.9,0,0,1,1,1,0
Andrew Hawkins,6125,WR,15,CLV,219,0,1,218,0,0,0,0,0,83.5,66.3,83.3,0,0,0,0,2,1
Bryan Walters,6139,WR,13,SEA,44,0,0,44,0,0,0,0,0,58.8,,57.0,0,0,0,0,0,0
James Develin,6142,FB,16,NE,186,0,19,167,0,0,0,0,0,74.9,76.8,77.1,0,0,1,1,0,0
Cam Newton,6153,QB,14,CAR,854,551,0,303,0,0,0,0,0,76.0,,60.0,4,1,0,5,2,0
A.J. Green,6156,WR,13,CIN,267,0,0,267,0,0,0,0,0,84.3,,67.6,0,0,0,0,6,0
Julio Jones,6158,WR,15,ATL,251,0,0,251,0,0,0,0,0,89.8,,80.2,0,0,0,0,2,0
Jake Locker,6160,QB,7,TEN,293,186,0,107,0,0,0,0,0,47.9,,60.0,2,1,2,5,1,0
Tyron Smith,6161,T,16,DAL,1060,0,549,511,1082,0,0,0,0,86.9,89.2,81.5,2,8,13,23,9,1
Blaine Gabbert,6162,QB,1,SF,9,8,0,1,0,0,0,0,0,55.0,,60.0,0,0,0,0,0,0
J.J. Watt,6163,DI,7,HST,5,0,0,5,0,0,0,0,0,98.6,,59.4,0,0,0,0,6,0
Christian Ponder,6164,QB,2,MIN,88,55,0,33,0,0,0,0,0,49.6,,60.0,0,0,0,0,1,0
Mike Pouncey,6167,G,12,MIA,771,0,503,268,0,0,10,782,0,58.9,56.0,62.0,3,3,25,31,4,0
Nate Solder,6169,T,16,NE,1040,0,641,399,1035,0,0,0,0,70.8,71.7,67.7,6,9,14,29,8,2
Anthony Castonzo,6174,T,16,IND,1155,0,769,386,1170,0,0,0,0,84.0,89.5,66.4,2,9,22,33,6,1
James Carpenter,6177,G,13,SEA,817,0,452,365,0,846,0,0,0,62.5,73.0,59.8,0,4,14,18,8,1
Mark Ingram II,6180,HB,13,NO,70,0,52,18,0,0,0,0,0,71.2,81.0,60.2,0,1,1,2,0,0
Gabe Carimi,6181,T,16,ATL,585,0,382,203,130,26,0,114,245,69.0,61.3,79.7,5,7,19,31,7,1
Derek Sherrod,6184,T,6,GB,140,0,89,51,19,2,0,1,114,43.9,43.7,46.5,3,2,3,8,1,0
Andy Dalton,6187,QB,16,CIN,987,557,1,429,0,0,0,0,0,69.4,61.3,60.3,2,0,0,2,1,0
Colin Kaepernick,6188,QB,16,SF,992,624,1,367,0,0,0,0,0,64.5,61.3,60.0,7,3,5,14,7,0
Kyle Rudolph,6195,TE,9,MIN,186,0,15,171,1,0,0,0,1,63.2,67.4,76.2,0,0,1,1,3,0
Orlando Franklin,6198,G,16,DEN,1092,0,652,440,1,1121,0,0,1,75.6,81.6,73.9,1,2,8,11,10,0
Lance Kendricks,6199,TE,16,SL,370,0,55,315,1,0,0,0,16,71.0,56.6,68.6,1,0,3,4,3,0
Stefen Wisniewski,6200,C,16,OAK,1013,0,687,326,0,0,1041,0,0,74.2,73.2,75.6,1,3,12,16,7,1
Ben Ijalana,6201,T,3,NYJ,6,0,0,6,2,0,0,2,0,68.6,,67.6,0,0,0,0,0,0
Rodney Hudson,6207,C,16,KC,1005,0,612,393,0,0,1031,0,0,76.1,86.9,68.3,2,2,6,10,2,1
Shane Vereen,6208,HB,16,NE,81,0,57,24,0,0,0,0,0,61.7,66.1,58.6,1,1,2,4,0,0
Torrey Smith,6210,WR,16,BLT,284,0,0,284,0,0,0,0,0,72.1,,72.8,0,0,0,0,2,1
Greg Little,6211,WR,6,CIN,50,0,0,50,0,0,0,0,0,55.7,,59.2,0,0,0,0,1,0
Daniel Thomas,6214,HB,12,MIA,38,0,33,5,0,0,0,0,0,66.3,87.8,60.1,0,1,0,1,0,0
Marcus Gilbert,6215,T,12,PIT,761,0,466,295,0,0,0,0,777,75.3,75.1,75.7,6,4,19,29,6,1
Randall Cobb,6216,WR,16,GB,300,0,0,300,0,0,0,0,0,82.7,,54.5,0,0,0,0,0,0
Rob Housler,6221,TE,15,ARZ,200,0,27,173,0,0,0,0,0,61.4,50.1,60.6,0,0,2,2,2,0
DeMarco Murray,6223,HB,16,DAL,94,0,77,17,0,0,0,0,0,80.8,65.5,61.6,3,0,6,9,3,0
Stevan Ridley,6225,HB,6,NE,28,0,17,11,0,0,0,0,0,63.0,84.2,60.0,0,0,0,0,0,0
Ryan Mallett,6226,QB,3,HST,152,80,0,72,0,0,0,0,0,50.2,,60.0,0,0,0,0,0,0
Austin Pettis,6230,WR,5,SL,22,0,0,22,0,0,0,0,0,63.1,,60.4,0,0,0,0,0,0
Leonard Hankerson,6231,WR,1,WAS,9,0,0,9,0,0,0,0,0,48.9,,60.9,0,0,0,0,1,0
Vincent Brown,6234,WR,7,OAK,24,0,0,24,0,0,0,0,0,61.1,,60.9,0,0,0,0,0,0
Jerrel Jernigan,6235,WR,2,NYG,32,0,0,32,0,0,0,0,0,55.4,,59.3,0,0,0,0,0,0
Jah Reid,6237,G,4,BLT,9,0,0,9,0,0,0,6,0,57.4,,58.4,0,0,0,0,0,0
Allen Bailey,6238,DI,1,KC,1,0,1,0,0,0,0,0,0,60.0,,,0,0,0,0,2,1
Akeem Dent,6243,LB,1,HST,1,0,1,0,0,0,0,0,0,60.0,,,0,0,0,0,2,0
Joe Barksdale,6244,T,16,SL,996,0,604,392,0,0,0,0,1013,72.9,68.2,79.3,7,4,40,51,6,0
Clint Boling,6253,G,16,CIN,1064,0,584,480,3,972,0,0,114,72.8,66.7,70.9,3,9,15,27,4,1
Jordan Cameron,6254,TE,10,CLV,240,0,34,206,0,0,0,0,0,63.6,47.7,54.7,2,1,0,3,0,0
Luke Stocker,6256,TE,13,TB,165,0,21,144,0,0,0,0,0,56.2,19.1,76.6,0,1,4,5,0,0
Roy Helu,6257,HB,14,WAS,94,0,83,11,0,0,0,0,0,66.5,59.6,60.2,3,0,7,10,1,1
Kris Durham,6259,WR,4,TEN,23,0,0,23,0,0,0,0,0,56.0,,61.3,0,0,0,0,0,0
Greg Salas,6264,WR,10,NYJ,81,0,0,81,0,0,0,0,0,62.7,,70.5,0,0,0,0,0,0
Cecil Shorts,6266,WR,13,JAX,238,2,0,236,0,0,0,0,0,62.4,,57.7,0,0,0,0,4,2
James Brewer,6269,T,2,NYG,51,0,23,28,5,0,0,0,48,55.8,36.4,68.8,0,0,5,5,1,0
Chris Hairston,6274,T,9,BUF,37,0,9,28,17,0,0,0,0,70.5,80.8,64.9,0,0,0,0,0,0
Bilal Powell,6278,HB,15,NYJ,74,0,56,18,0,0,0,0,0,61.6,72.1,69.8,1,1,3,5,0,0
Julius Thomas,6281,TE,13,DEN,335,0,97,238,1,0,0,0,0,74.5,76.7,73.7,0,0,3,3,4,2
Anthony Sherman,6288,FB,16,KC,175,0,14,161,0,0,0,0,0,87.8,75.2,87.7,1,0,0,1,0,0
Marcus Cannon,6290,T,14,NE,435,0,251,184,120,221,0,0,91,53.6,54.8,56.0,2,5,10,17,5,0
Karl Klug,6294,DI,8,TEN,12,0,0,12,0,0,0,0,0,91.3,,86.5,0,0,0,0,2,0
Jacquizz Rodgers,6297,HB,16,ATL,89,0,83,6,0,0,0,0,0,68.8,91.6,91.1,0,0,1,1,2,0
Denarius Moore,6300,WR,8,OAK,64,0,0,64,0,0,0,0,0,51.7,,56.7,0,0,0,0,0,0
T.J. Yates,6304,QB,1,ATL,17,4,0,13,0,0,0,0,0,81.5,,60.0,0,0,0,0,0,0
Jeremy Kerley,6305,WR,16,NYJ,287,1,0,286,0,0,0,0,0,61.6,,82.6,0,0,0,0,1,1
Niles Paul,6307,TE,16,WAS,270,0,41,229,0,0,0,0,0,64.8,63.2,57.3,0,2,1,3,4,0
Lee Smith,6311,TE,14,BUF,248,0,36,212,3,0,0,0,0,64.6,69.8,69.9,0,0,1,1,3,0
Daniel Kilgore,6315,C,7,SF,450,0,265,185,0,0,463,0,0,77.9,76.8,75.2,0,0,6,6,1,1
Brandon Fusco,6324,G,3,MIN,171,0,103,68,0,0,0,177,0,70.6,89.7,62.9,0,1,1,2,1,0
Charles Clay,6326,TE,14,MIA,334,0,67,267,2,0,0,0,3,76.8,58.3,77.1,1,2,3,6,2,0
Byron Stingily,6327,T,9,TEN,243,0,149,94,20,0,0,0,208,66.4,58.5,75.5,0,2,12,14,2,0
Dwayne Harris,6328,WR,16,DAL,109,0,1,108,0,0,0,0,0,72.9,65.5,67.3,0,0,0,0,0,0
Aldrick Robinson,6330,WR,5,WAS,9,0,0,9,0,0,0,0,0,48.4,,61.0,0,0,0,0,1,0
Tyrod Taylor,6332,QB,1,BLT,2,0,0,2,0,0,0,0,0,34.1,,60.0,0,0,0,0,0,0
Richard Gordon,6333,TE,5,KC,54,0,11,43,0,0,0,0,0,64.4,78.0,67.2,0,0,0,0,2,0
Jordan Todman,6335,HB,16,JAX,92,0,78,14,0,0,0,0,0,66.6,83.3,59.8,0,2,0,2,0,0
Mike Mohamed,6341,LB,1,HST,1,0,1,0,0,0,0,0,0,60.0,,,0,0,0,0,0,0
Jason Kelce,6343,C,12,PHI,828,0,488,340,0,0,844,0,0,78.0,75.1,80.0,2,3,8,13,9,2
J.T. Thomas,6347,LB,1,JAX,1,0,1,0,0,0,0,0,0,60.0,,,0,0,0,0,3,1
Steve Schilling,6353,C,5,SEA,197,0,117,80,0,0,205,0,0,63.8,70.3,63.0,1,0,3,4,1,0
Virgil Green,6356,TE,13,DEN,312,0,56,256,0,0,0,0,0,76.3,63.9,79.1,0,0,2,2,0,0
Bruce Miller,6363,FB,16,SF,304,0,44,260,0,0,0,0,0,83.0,66.8,86.2,1,0,3,4,1,0
Derek Newton,6366,T,16,HST,1108,0,586,522,11,0,0,73,1046,78.7,62.5,87.1,2,6,36,44,5,0
Ryan Taylor,6370,TE,3,CLV,22,0,4,18,0,0,0,0,0,63.7,74.5,67.1,0,0,0,0,0,0
Andrew Gachkar,6386,LB,1,SD,1,0,1,0,0,0,0,0,0,60.0,,,0,0,0,0,1,0
Mike Person,6391,G,7,SL,66,0,36,30,0,60,0,0,1,61.3,59.9,60.0,0,0,2,2,0,0
David Ausberry,6393,TE,5,OAK,9,0,3,6,0,0,0,0,0,53.7,71.7,64.4,0,0,0,0,0,0
Kyle Nelson,6428,LS,1,SF,1,0,1,0,0,0,0,0,0,60.0,,,0,0,0,0,0,0
Matt Asiata,6432,HB,15,MIN,119,0,94,25,0,0,0,0,0,53.4,78.7,63.9,0,0,5,5,1,0
Willie Smith,6439,T,7,SD,68,0,22,46,9,0,0,0,47,60.4,42.1,64.1,3,0,2,5,1,0
Shaun Draughn,6440,HB,2,CLV,3,0,3,0,0,0,0,0,0,46.6,55.8,,0,0,1,1,0,0
Mario Harvey,6447,FB,2,IND,4,0,0,4,0,0,0,0,0,49.8,,50.0,0,0,0,0,0,0
Chris Hogan,6468,WR,13,BUF,99,0,0,99,0,0,0,0,0,64.5,,56.6,0,0,0,0,0,0
Jeremy Ross,6476,WR,16,DET,223,0,0,223,0,0,0,0,0,59.7,,79.2,0,0,0,0,1,0
Jeff Tarpinian,6478,LB,1,HST,1,0,1,0,0,0,0,0,0,60.0,,,0,0,0,0,1,0
Andre Holmes,6489,WR,16,OAK,222,0,1,221,0,0,0,0,0,63.9,52.1,65.9,0,0,1,1,3,0
Weslye Saunders,6496,TE,1,IND,2,0,0,2,0,0,0,0,0,55.9,,60.0,0,0,0,0,0,0
Tim Barnes,6499,C,6,SL,7,0,4,3,0,0,0,0,1,53.9,71.5,53.5,0,0,0,0,0,0
Josh Bynes,6503,LB,1,DET,2,0,2,0,0,0,0,0,0,60.0,,,0,0,0,0,1,0
Nick Bellore,6515,LB,1,NYJ,1,0,1,0,0,0,0,0,0,60.0,,,0,0,0,0,0,0
Drew Davis,6525,WR,2,ATL,4,0,0,4,0,0,0,0,0,74.3,,90.3,0,0,0,0,0,0
Robert Hughes,6564,HB,15,ARZ,87,0,17,70,0,0,0,0,0,64.8,56.3,60.3,1,0,0,1,0,0
Dane Sanzenbacher,6570,WR,10,CIN,66,0,0,66,0,0,0,0,0,50.2,,37.4,0,0,0,0,2,0
Jake McQuaide,6586,LS,2,SL,2,0,2,0,0,0,0,0,0,60.0,,,0,0,0,0,0,0
Cameron Bradfield,6591,T,2,ATL,108,0,77,31,0,0,0,0,110,47.4,46.8,51.7,3,1,4,8,1,1
DuJuan Harris,6595,HB,9,GB,22,0,6,16,0,0,0,0,0,59.0,41.0,60.0,0,0,1,1,0,0
Dontrelle Inman,6597,WR,4,SD,34,0,1,33,0,0,0,0,0,74.7,70.2,75.3,0,0,0,0,0,0
Doug Baldwin,6615,WR,16,SEA,356,0,3,353,0,0,0,0,0,77.4,66.5,74.7,0,0,0,0,0,0
Ricardo Lockette,6622,WR,16,SEA,89,0,0,89,0,0,0,0,0,67.5,,66.4,0,0,0,0,3,0
Brett Brackett,6630,TE,8,TEN,69,0,7,62,0,0,0,0,2,53.3,44.3,60.3,0,0,0,0,0,0
Henry Hynoski,6666,FB,16,NYG,175,0,12,163,0,0,0,0,0,83.8,83.4,83.1,0,0,0,0,0,0
Kamar Aiken,6671,WR,16,BLT,121,0,2,119,0,0,0,0,0,70.9,18.7,55.8,0,0,1,1,1,0
Joe Morgan,6696,WR,5,NO,49,0,1,48,0,0,0,0,0,57.0,61.6,73.0,0,0,0,0,1,0
Jeff Maehl,6706,WR,8,PHI,35,0,0,35,0,0,0,0,0,56.4,,45.0,0,0,0,0,1,0
Isa Abdul-Quddus,6722,S,1,DET,1,0,1,0,0,0,0,0,0,61.3,,,0,0,0,0,0,0
Chris Matthews,6820,WR,3,SEA,11,0,0,11,0,0,0,0,0,55.6,,61.3,0,0,0,0,0,0
Byron Bell,6848,T,15,CAR,1008,0,598,410,1012,0,0,0,0,59.7,62.6,55.7,9,5,38,52,8,0
Chase Reynolds,6892,HB,2,SL,1,0,1,0,0,0,0,0,0,59.3,,,0,0,0,0,0,0
Matt Overton,6979,LS,1,IND,1,0,1,0,0,0,0,0,0,60.0,,,0,0,0,0,0,0
Dominique Jones,6988,TE,1,DEN,4,0,0,4,0,0,0,0,0,60.0,,60.0,0,0,0,0,0,0
Patrick DiMarco,6997,FB,16,ATL,122,0,20,102,0,0,0,0,0,59.5,81.1,65.4,0,0,0,0,0,0
Jorvorskie Lane,7002,FB,9,TB,65,0,10,55,0,0,0,0,0,69.0,64.0,77.6,0,1,0,1,0,0
Marshall McFadden,7004,ST,1,SL,1,0,1,0,0,0,0,0,0,60.0,,,0,0,0,0,0,0
Andrew Luck,7007,QB,16,IND,1045,719,0,326,0,0,0,0,0,77.5,,60.0,3,4,6,13,3,0
Robert Griffin III,7008,QB,9,WAS,437,281,1,155,0,0,0,0,0,47.6,61.3,60.0,4,2,1,7,3,0
Trent Richardson,7009,HB,15,IND,111,0,91,20,0,0,0,0,0,61.3,88.7,61.0,0,1,3,4,0,0
Matt Kalil,7010,T,16,MIN,1025,0,642,383,1048,0,0,0,0,65.6,65.2,69.0,12,7,36,55,12,2
Ryan Tannehill,7014,QB,16,MIA,1014,684,0,330,0,0,0,0,0,75.6,,60.0,2,1,2,5,2,0
Dontari Poe,7017,DI,3,KC,4,0,2,2,0,0,0,0,0,60.2,72.6,59.0,0,0,0,0,0,0
Michael Floyd,7019,WR,16,ARZ,307,0,3,304,0,0,0,0,0,69.4,77.4,91.2,0,0,0,0,3,0
Kendall Wright,7026,WR,14,TEN,180,0,0,180,0,0,0,0,0,70.8,,58.8,0,0,0,0,3,2
Brandon Weeden,7028,QB,5,DAL,88,47,0,41,0,0,0,0,0,50.1,,60.0,0,0,0,0,0,0
Riley Reiff,7029,T,15,DET,941,0,601,340,956,0,0,0,0,80.8,80.6,71.3,2,5,27,34,1,0
Kevin Zeitler,7032,G,12,CIN,739,0,415,324,0,0,0,757,0,88.0,83.4,82.7,1,2,6,9,1,0
A.J. Jenkins,7034,WR,9,KC,84,0,0,84,0,0,0,0,0,53.5,,59.7,0,0,0,0,0,0
Doug Martin,7035,HB,11,TB,81,0,71,10,0,0,0,0,0,58.7,38.9,60.0,2,5,6,13,1,1
Brian Quick,7037,WR,7,SL,137,0,0,137,0,0,0,0,0,72.6,,66.3,0,0,0,0,3,0
Coby Fleener,7038,TE,16,IND,288,0,40,248,4,0,0,0,4,72.7,40.0,57.3,0,1,3,4,2,0
Mitchell Schwartz,7041,T,16,CLV,1052,0,584,468,0,0,0,0,1078,72.6,75.4,67.8,7,6,22,35,6,0
Amini Silatolu,7044,G,7,CAR,404,0,262,142,0,413,0,0,0,55.8,72.5,54.1,6,1,7,14,4,0
Cordy Glenn,7045,T,16,BUF,1045,0,658,387,1066,0,0,0,0,79.9,84.9,71.1,8,4,18,30,6,0
Jonathan Martin,7046,T,15,SF,646,0,384,262,5,6,0,0,643,62.0,66.1,55.8,6,1,21,28,2,0
Alshon Jeffery,7048,WR,16,CHI,286,0,1,285,0,0,0,0,0,76.6,70.2,88.7,0,0,0,0,6,0
Ryan Broyles,7057,WR,5,DET,9,0,0,9,0,0,0,0,0,64.5,,61.8,0,0,0,0,0,0
Peter Konz,7058,C,6,ATL,182,0,120,62,0,7,172,1,0,56.5,77.5,50.7,0,0,4,4,1,0
Brock Osweiler,7059,QB,4,DEN,30,13,0,17,0,0,0,0,0,61.5,,60.0,0,0,0,0,1,0
Kelechi Osemele,7062,G,14,BLT,935,0,558,377,0,953,0,0,0,84.1,82.4,82.1,2,2,6,10,6,0
LaMichael James,7063,HB,3,MIA,1,0,0,1,0,0,0,0,0,62.5,,60.0,0,0,0,0,0,0
Rueben Randle,7065,WR,16,NYG,338,0,0,338,0,0,0,0,0,76.9,,65.0,0,0,0,0,2,0
Dwayne Allen,7066,TE,13,IND,321,0,74,247,15,0,0,0,15,73.0,84.9,73.4,0,0,1,1,1,0
Ronnie Hillman,7069,HB,8,DEN,50,0,40,10,0,0,0,0,0,51.8,64.8,79.6,0,0,3,3,0,0
DeVier Posey,7070,WR,1,HST,33,0,0,33,0,0,0,0,0,58.8,,48.4,0,0,0,0,1,0
T.J. Graham,7071,WR,12,NYJ,81,0,0,81,0,0,0,0,0,59.5,,77.3,0,0,0,0,0,0
Bryan Anger,7072,P,1,JAX,1,1,0,0,0,0,0,0,0,60.8,,,0,0,0,0,0,0
Josh LeRibeus,7073,G,4,WAS,100,0,65,35,0,102,0,1,0,69.2,33.2,81.3,0,2,1,3,1,0
Donald Stephenson,7076,T,8,KC,31,0,14,17,0,0,0,0,12,52.2,32.7,66.8,2,0,2,4,1,0
Russell Wilson,7077,QB,16,SEA,988,571,0,417,0,0,0,0,0,73.1,,60.0,10,7,7,24,7,0
Brandon Brooks,7078,G,15,HST,985,0,517,468,0,0,0,1005,0,85.3,83.1,82.3,0,2,16,18,5,0
Demario Davis,7079,LB,1,NYJ,1,0,1,0,0,0,0,0,0,60.0,,,0,0,0,0,4,0
Mohamed Sanu,7084,WR,16,CIN,421,5,1,415,0,0,0,0,0,67.6,70.6,70.2,1,0,0,1,2,0
Bernard Pierce,7085,HB,13,BLT,25,0,13,12,0,0,0,0,0,51.3,46.5,60.0,0,1,2,3,0,0
Sean Spence,7087,LB,2,PIT,2,0,2,0,0,0,0,0,0,60.0,,,0,0,0,0,1,0
Nick Foles,7089,QB,8,PHI,536,355,0,181,0,0,0,0,0,64.7,,60.0,1,5,1,7,0,0
Lamar Holmes,7091,T,4,ATL,226,0,144,82,0,0,0,0,231,59.5,68.0,51.3,0,1,10,11,1,0
T.Y. Hilton,7092,WR,15,IND,225,0,0,225,0,0,0,0,0,84.2,,67.3,0,0,0,0,0,0
Chris Givens,7096,WR,14,SL,66,0,0,66,0,0,0,0,0,56.2,,70.2,0,0,0,0,2,0
Lamar Miller,7097,HB,16,MIA,103,0,61,42,0,0,0,0,0,73.4,69.8,62.1,0,0,5,5,0,0
Gino Gradkowski,7098,C,3,BLT,10,0,2,8,0,1,6,1,0,59.7,74.0,58.4,0,0,0,0,0,0
Ben Jones,7099,G,16,HST,1050,0,554,496,0,1062,8,0,0,70.2,69.8,67.6,2,5,14,21,5,0
Travis Benjamin,7100,WR,16,CLV,178,0,0,178,0,0,0,0,0,68.8,,53.8,0,0,0,0,0,0
Kirk Cousins,7102,QB,6,WAS,351,228,0,123,0,0,0,0,0,58.1,,60.0,0,1,1,2,4,0
Robert Turbin,7106,HB,16,SEA,60,0,17,43,0,0,0,0,0,66.9,70.4,50.8,1,0,0,1,1,0
Ladarius Green,7110,TE,14,SD,158,0,18,140,0,0,0,0,0,78.5,74.9,66.0,0,0,1,1,0,0
Evan Rodriguez,7111,FB,1,TB,5,0,0,5,0,0,0,0,0,61.9,,61.8,0,0,0,0,0,0
Bobby Massie,7112,T,16,ARZ,1057,0,664,393,0,0,0,0,1089,71.4,69.8,70.2,7,8,27,42,6,1
Joe Looney,7117,G,13,SF,330,0,181,149,1,109,69,126,0,61.5,49.9,67.0,0,2,9,11,3,2
Jarius Wright,7118,WR,16,MIN,129,0,0,129,0,0,0,0,0,70.8,,63.8,0,0,0,0,0,0
James-Michael Johnson,7120,LB,1,KC,1,0,0,1,0,0,0,0,0,60.0,,60.0,0,0,0,0,0,0
Keshawn Martin,7121,WR,16,HST,124,0,0,124,0,0,0,0,0,56.1,,54.9,0,0,0,0,0,0
Nick Toon,7122,WR,7,NO,59,0,0,59,0,0,0,0,0,64.4,,68.4,0,0,0,0,0,0
Adrien Robinson,7127,TE,11,NYG,54,0,1,53,0,0,0,0,0,76.9,64.9,66.3,0,0,0,0,0,0
Rhett Ellison,7128,TE,16,MIN,367,0,81,286,0,0,0,0,0,72.1,48.4,79.1,2,1,5,8,1,0
Brandon Mosley,7131,G,4,NYG,12,0,1,11,2,0,0,3,7,56.5,71.0,54.8,0,0,0,0,1,0
Mike Daniels,7132,DI,2,GB,2,0,0,2,0,0,0,0,0,60.0,,60.0,0,0,0,0,3,0
Tahir Whitehead,7135,LB,1,DET,2,0,2,0,0,0,0,0,0,60.0,,,0,0,0,0,3,0
Taylor Thompson,7140,TE,3,TEN,32,0,0,32,0,0,0,0,0,64.4,,61.3,0,0,0,0,1,0
Senio Kelemete,7144,G,1,NO,6,0,4,2,0,6,0,0,0,57.9,77.4,57.8,0,0,0,0,0,0
Dennis Kelly,7146,G,3,PHI,201,0,137,64,0,125,0,78,0,65.5,65.5,62.3,0,1,10,11,1,0
Alfred Morris,7165,HB,16,WAS,109,0,69,40,0,0,0,0,0,62.8,73.8,53.3,3,2,4,9,0,0
Andrew Tiller,7169,G,1,SF,1,0,0,1,0,0,0,0,0,60.0,,59.7,0,0,0,0,0,0
Ryan Lindley,7174,QB,3,ARZ,163,104,1,58,0,0,0,0,0,39.3,61.3,60.0,0,0,0,0,0,0
James Hanna,7175,TE,16,DAL,273,0,33,240,0,0,0,0,0,71.0,46.5,70.5,2,1,2,5,1,0
Dan Herron,7179,HB,12,IND,43,0,32,11,0,0,0,0,0,68.7,38.4,60.4,1,1,3,5,0,0
Tom Compton,7181,T,16,WAS,650,0,399,251,47,0,0,0,602,63.3,60.5,63.7,6,8,22,36,3,1
J.R. Sweezy,7209,G,16,SEA,1054,0,571,483,0,0,0,1089,0,73.4,54.9,78.1,4,6,23,33,5,0
David Molk,7210,C,7,PHI,403,0,259,144,0,54,355,0,0,63.4,48.0,69.9,0,2,9,11,2,0
Rishard Matthews,7211,WR,14,MIA,99,0,1,98,0,0,0,0,0,64.9,67.8,72.1,0,0,0,0,1,0
Bryce Brown,7213,HB,7,BUF,16,0,16,0,0,0,0,0,0,65.5,66.8,,0,0,2,2,0,0
Junior Hemingway,7222,WR,13,KC,104,0,0,104,0,0,0,0,0,53.1,,51.5,0,0,0,0,0,0
Markus Kuhn,7223,DI,1,NYG,1,0,0,1,0,0,0,0,0,60.0,,60.0,0,0,0,0,1,0
Kelvin Beachum,7229,T,16,PIT,1110,0,689,421,1134,0,0,0,0,83.0,91.2,67.9,7,3,9,19,6,0
Edwin Baker,7231,HB,1,NO,2,0,0,2,0,0,0,0,0,69.4,,60.0,0,0,0,0,0,0
Bryce Harris,7245,T,13,NO,387,0,265,122,308,0,0,0,82,56.8,61.0,51.0,0,7,19,26,4,0
Johnny Hekker,7252,P,2,SL,2,2,0,0,0,0,0,0,0,71.4,,,0,0,0,0,0,0
Gerell Robinson,7267,TE,3,MIA,7,0,0,7,0,0,0,0,0,56.5,,60.4,0,0,0,0,0,0
Garrett Celek,7274,TE,3,SF,25,0,4,21,0,0,0,0,0,91.8,75.0,74.4,0,0,0,0,0,0
Chris Owusu,7276,WR,7,NYJ,45,0,0,45,0,0,0,0,0,70.1,,58.8,0,0,0,0,0,0
Garth Gerhart,7293,C,2,GB,25,0,5,20,0,25,0,0,0,55.3,77.7,53.7,0,0,1,1,0,0
Robert Golden,7303,S,2,PIT,1,1,0,0,0,0,0,0,0,73.5,,,0,0,0,0,0,0
Austin Davis,7305,QB,10,SL,542,337,0,205,0,0,0,0,0,60.2,,60.0,4,1,1,6,3,0
Cory Harkey,7306,FB,16,SL,254,0,33,221,0,0,0,0,0,69.1,41.9,70.0,0,1,2,3,3,0
Brian Tyms,7321,WR,11,NE,37,0,0,37,0,0,0,0,0,58.3,,71.7,0,0,0,0,1,0
Case Keenum,7323,QB,2,HST,160,91,1,68,0,0,0,0,0,54.7,61.3,61.2,2,1,1,4,0,0
Phillip Supernaw,7324,TE,4,BLT,20,0,6,14,0,0,0,0,0,69.4,29.2,56.5,0,1,0,1,0,0
Cole Beasley,7330,WR,16,DAL,106,0,0,106,0,0,0,0,0,68.8,,57.6,0,0,0,0,0,0
Lance Dunbar,7332,HB,16,DAL,20,0,15,5,0,0,0,0,0,69.5,41.6,60.0,1,0,1,2,0,0
Harland Gunn,7333,G,6,ATL,93,0,58,35,0,75,0,18,0,58.1,26.2,70.2,1,3,3,7,1,0
Saalim Hakim,7334,WR,5,NYJ,1,0,0,1,0,0,0,0,0,53.0,,60.0,0,0,0,0,0,0
Ron Leary,7338,G,15,DAL,992,0,507,485,0,1013,0,0,0,79.9,66.6,82.1,3,2,22,27,5,0
Griff Whalen,7351,WR,7,IND,19,0,0,19,0,0,0,0,0,71.0,,58.9,0,0,0,0,0,0
Joe Banyard,7361,HB,9,MIN,23,0,18,5,0,0,0,0,0,69.9,74.7,60.0,0,0,2,2,0,0
Jarrett Boykin,7363,WR,12,GB,88,0,0,88,0,0,0,0,0,44.5,,69.3,0,0,0,0,0,0
Julian Stanford,7372,LB,1,DET,2,0,2,0,0,0,0,0,0,60.0,,,0,0,0,0,0,0
Trevor Robinson,7375,C,3,SD,169,0,124,45,0,0,172,0,0,60.4,63.9,61.3,1,2,3,6,1,0
Derrick Coleman,7377,FB,5,SEA,38,0,2,36,0,0,0,0,0,71.0,76.5,64.8,0,0,0,0,0,0
Jonas Gray,7393,HB,8,NE,30,0,23,7,0,0,0,0,0,74.7,80.9,60.0,0,0,0,0,0,0
Kelcie McCray,7396,S,1,KC,1,0,0,1,0,0,0,0,0,60.0,,60.0,0,0,0,0,0,0
Derek Carrier,7406,TE,10,SF,98,0,13,85,1,0,0,0,0,69.2,75.9,71.9,0,0,0,0,1,0
Rod Streater,7416,WR,3,OAK,26,0,0,26,0,0,0,0,0,62.7,,44.5,0,0,0,0,0,0
Matt Simms,7423,QB,1,NYJ,10,8,0,2,0,0,0,0,0,52.5,,60.0,0,0,0,0,0,0
Jermaine Kearse,7428,WR,15,SEA,333,1,3,329,0,0,0,0,0,65.2,71.0,58.5,1,0,1,2,2,0
Mike Remmers,7431,T,5,CAR,357,0,185,172,5,0,0,0,362,68.5,75.9,62.7,0,1,4,5,2,0
Brian Folkerts,7435,C,11,CAR,41,0,21,20,0,0,25,0,0,67.2,81.6,62.1,0,0,0,0,0,0
Travaris Cadet,7457,HB,15,NO,9,0,7,2,0,0,0,0,0,59.8,24.1,60.0,0,0,2,2,0,0
Brandon Bolden,7469,HB,11,NE,9,0,5,4,0,0,0,0,0,57.3,80.9,60.0,0,0,0,0,0,0
Josh Bellamy,7472,WR,2,CHI,3,0,0,3,0,0,0,0,0,54.3,,60.0,0,0,0,0,0,0
Julian Talley,7501,WR,1,NYG,7,0,0,7,0,0,0,0,0,59.5,,58.5,0,0,0,0,0,0
Bobby Rainey Jr.,7511,HB,12,TB,79,1,73,5,0,0,0,0,0,57.5,52.0,60.0,1,4,3,8,0,0
Phil Bates,7514,WR,1,CLV,3,0,0,3,0,0,0,0,0,60.0,,60.0,0,0,0,0,0,0
Brenton Bersin,7516,WR,15,CAR,53,0,0,53,0,0,0,0,0,71.2,,61.4,0,0,0,0,0,0
Nate Chandler,7521,T,11,CAR,691,0,442,249,4,0,0,0,699,58.5,57.9,56.4,7,2,21,30,1,0
Tauren Poole,7522,HB,1,CAR,1,0,1,0,0,0,0,0,0,28.6,73.0,,0,0,0,0,0,0
Chase Ford,7528,TE,11,MIN,103,0,5,98,0,0,0,0,0,72.1,81.6,72.2,0,0,0,0,1,0
Damaris Johnson,7530,WR,16,HST,216,0,0,216,0,0,0,0,0,55.1,,63.8,0,0,0,0,2,1
Chris Polk,7532,HB,9,PHI,19,0,8,11,0,0,0,0,0,64.6,83.9,60.0,0,0,0,0,0,0
Jeremy Stewart,7534,HB,4,DEN,2,0,1,1,0,0,0,0,0,48.7,73.4,60.0,0,0,0,0,0,0
DeAndre Presley,7548,WR,3,CAR,6,0,0,6,0,0,0,0,0,45.6,,59.7,0,0,0,0,1,1
Jamize Olawale,7572,FB,15,OAK,85,0,10,75,0,0,0,0,0,67.8,74.8,65.1,0,0,1,1,0,0
Ryan Quigley,7573,P,1,NYJ,1,1,0,0,0,0,0,0,0,73.7,,,0,0,0,0,0,0
Jonathan Grimes,7585,HB,11,HST,27,0,16,11,0,0,0,0,0,60.8,87.3,60.1,0,0,0,0,0,0
Brandon Bostick,7605,TE,7,GB,16,0,1,15,0,0,0,0,0,51.3,74.4,56.9,0,0,0,0,0,0
Josh Gordon,7618,WR,5,CLV,89,1,0,88,0,0,0,0,0,78.4,,82.7,0,0,0,0,2,0
Paul Cornick,7619,T,9,DEN,300,0,157,143,0,0,0,0,217,63.0,64.9,62.4,1,0,6,7,4,0
Larry Donnell,7638,TE,16,NYG,322,0,52,270,0,0,0,0,0,66.6,83.8,65.3,0,2,0,2,1,1
Will Johnson,7639,FB,16,PIT,154,0,23,131,0,0,0,0,0,73.2,65.8,72.8,0,0,1,1,0,0
David DeCastro,7640,G,16,PIT,1110,0,689,421,0,0,0,1134,0,79.2,81.3,73.7,3,2,23,28,3,0
Jeff Allen,7642,G,1,KC,39,0,30,9,0,0,0,0,40,50.1,42.6,54.6,0,0,4,4,0,0
Mike Adams,7643,T,6,PIT,364,0,229,135,0,0,0,0,357,56.6,63.7,47.2,2,2,14,18,2,0
Johnnie Troutman,7651,G,15,SD,773,0,474,299,0,0,0,790,0,60.2,63.9,57.2,5,1,20,26,3,1
Cyrus Gray,7655,HB,7,KC,5,0,3,2,0,0,0,0,0,59.8,19.0,60.0,0,0,1,1,0,0
Matt McCants,7657,T,11,OAK,112,0,46,66,12,0,0,0,19,43.9,39.0,50.8,0,1,5,6,0,0
Jeff Adams,7680,T,1,HST,2,0,2,0,0,0,0,0,0,61.2,74.5,,0,0,0,0,1,0
Austin Pasztor,7689,T,8,JAX,492,0,316,176,0,0,0,0,499,62.0,59.4,61.5,4,3,12,19,2,1
Mike Brown,7698,WR,5,JAX,14,0,1,13,1,0,0,0,0,48.6,62.5,58.7,0,0,0,0,0,0
Michael Harris,7730,T,9,MIN,363,0,214,149,0,0,0,53,317,65.0,62.2,56.7,5,2,11,18,1,1
Cooper Helfet,7737,TE,9,SEA,124,0,18,106,0,0,0,0,0,75.2,30.9,62.6,1,0,2,3,0,0
Kyle Knox,7743,LB,1,NO,1,0,1,0,0,0,0,0,0,60.0,,,0,0,0,0,0,0
Will Tukuafu,7764,FB,9,SEA,125,0,9,116,0,0,0,0,0,57.1,84.6,56.5,0,0,0,0,0,0
Eric Fisher,7783,T,16,KC,1005,0,612,393,1030,0,0,0,0,67.2,66.3,69.8,7,11,24,42,9,0
Luke Joeckel,7784,T,16,JAX,982,0,655,327,995,0,0,0,0,66.8,63.1,63.9,8,7,29,44,5,1
Lane Johnson,7786,T,12,PHI,889,0,518,371,18,0,0,1,886,83.4,78.6,85.9,1,2,23,26,7,2
Jonathan Cooper,7788,G,7,ARZ,184,0,109,75,0,183,0,0,0,64.9,71.1,59.4,1,0,1,2,0,0
Tavon Austin,7789,WR,15,SL,149,0,0,149,0,0,0,0,0,59.9,,60.6,0,0,0,0,2,0
Chance Warmack,7791,G,16,TEN,965,0,625,340,0,0,0,986,0,81.0,77.6,80.9,2,2,25,29,8,0
D.J. Fluker,7792,T,16,SD,1020,0,659,361,0,0,0,0,1041,72.1,69.7,74.7,7,5,36,48,9,1
Sheldon Richardson,7794,DI,3,NYJ,1,0,0,1,0,0,0,0,0,67.7,,60.6,0,0,0,0,7,3
Kenny Vaccaro,7796,S,4,NO,6,0,0,6,0,0,0,0,0,60.0,,60.0,0,0,0,0,8,0
E.J. Manuel,7797,QB,5,BUF,253,153,1,99,0,0,0,0,0,54.3,62.2,60.0,0,0,1,1,1,0
Justin Pugh,7800,T,14,NYG,910,0,556,354,0,0,0,0,924,70.3,73.1,69.4,6,4,18,28,8,0
Kyle Long,7801,G,15,CHI,995,0,675,320,0,0,0,1023,0,76.0,85.0,70.3,0,2,13,15,7,1
Tyler Eifert,7802,TE,1,CIN,2,0,0,2,0,0,0,0,0,90.3,,68.3,0,0,0,0,0,0
DeAndre Hopkins,7808,WR,16,HST,481,0,3,478,0,0,0,0,0,84.0,83.2,72.5,0,0,0,0,3,0
Cordarrelle Patterson,7810,WR,16,MIN,171,0,0,171,0,0,0,0,0,67.2,,74.4,0,0,0,0,2,0
Travis Frederick,7812,C,16,DAL,1060,0,549,511,0,0,1082,0,0,86.6,79.9,84.8,1,2,11,14,6,0
Justin Hunter,7815,WR,12,TEN,194,0,0,194,0,0,0,0,0,62.9,,70.0,0,0,0,0,1,0
Zach Ertz,7816,TE,16,PHI,171,0,26,145,0,0,0,0,1,80.8,45.8,74.3,0,1,2,3,2,0
Giovani Bernard,7818,HB,13,CIN,102,0,70,32,0,0,0,0,0,69.1,63.2,71.2,0,1,7,8,2,0
Geno Smith,7820,QB,14,NYJ,785,448,1,336,0,0,0,0,0,57.1,13.5,62.4,8,1,0,9,3,1
Robert Woods,7822,WR,16,BUF,291,0,0,291,0,0,0,0,0,68.6,,59.2,0,0,0,0,2,1
Menelik Watson,7823,T,12,OAK,487,0,331,156,1,0,0,0,479,58.4,58.6,62.5,2,2,21,25,6,2
Gavin Escobar,7828,TE,16,DAL,140,0,1,139,0,0,0,0,0,65.5,69.6,70.2,0,0,0,0,1,0
Le'Veon Bell,7829,HB,16,PIT,111,0,89,22,0,0,0,0,0,80.8,83.4,57.5,0,0,2,2,1,0
Johnathan Hankins,7830,DI,1,NYG,1,0,0,1,0,0,0,0,0,60.0,,60.0,0,0,0,0,1,0
Vance McDonald,7836,TE,8,SF,136,0,17,119,0,0,0,0,1,62.2,80.8,84.0,0,0,0,0,0,0
Montee Ball,7839,HB,5,DEN,37,0,27,10,0,0,0,0,0,62.2,64.8,81.0,1,0,3,4,0,0
Aaron Dobson,7840,WR,4,NE,27,0,0,27,0,0,0,0,0,67.9,,73.2,0,0,0,0,2,0
Eddie Lacy,7842,HB,16,GB,98,0,72,26,0,0,0,0,0,80.8,89.7,60.1,0,0,2,2,0,0
Christine Michael,7843,HB,10,SEA,23,0,7,16,0,0,0,0,0,62.9,80.3,60.9,0,0,1,1,0,0
Travis Kelce,7844,TE,16,KC,266,0,29,237,0,0,0,0,0,84.6,70.5,79.6,0,0,0,0,5,1
Larry Warford,7846,G,13,DET,784,0,490,294,0,0,0,796,1,72.8,83.3,62.3,2,2,12,16,1,1
Brian Winters,7853,G,6,NYJ,371,0,226,145,0,381,0,0,0,55.8,44.8,62.9,1,3,16,20,2,1
Mike Glennon,7854,QB,6,TB,362,246,1,115,0,0,0,0,0,66.2,61.3,60.0,4,1,2,7,3,0
Terrance Williams,7855,WR,16,DAL,324,0,0,324,0,0,0,0,0,66.2,,70.9,0,0,0,0,3,1
Terron Armstead,7856,T,14,NO,836,0,522,314,850,0,0,0,0,78.6,78.9,72.6,3,4,18,25,6,0
Keenan Allen,7857,WR,14,SD,309,0,0,309,0,0,0,0,0,76.1,,72.4,0,0,0,0,1,0
Dallas Thomas,7858,G,12,MIA,673,0,436,237,1,120,0,201,369,47.7,47.5,49.4,7,7,26,40,3,0
Marquise Goodwin,7859,WR,10,BUF,25,0,0,25,0,0,0,0,0,51.4,,57.7,0,0,0,0,0,0
Markus Wheaton,7860,WR,16,PIT,235,0,0,235,0,0,0,0,0,68.9,,60.3,0,0,0,0,0,0
J.J. Wilcox,7861,S,8,DAL,16,0,0,16,0,0,0,0,0,60.4,,60.0,0,0,0,0,4,1
Jordan Reed,7866,TE,11,WAS,102,0,22,80,0,0,0,0,0,70.1,48.1,58.6,0,0,2,2,2,1
Hugh Thornton,7867,G,9,IND,566,0,385,181,0,7,0,565,0,65.8,61.8,68.3,2,6,15,23,4,2
Stedman Bailey,7873,WR,14,SL,111,0,0,111,0,0,0,0,0,74.0,,72.5,0,0,0,0,1,0
Brandon Williams,7876,TE,12,CAR,65,0,4,61,1,0,0,0,0,58.7,22.2,54.5,0,0,2,2,2,1
Knile Davis,7878,HB,16,KC,35,0,25,10,0,0,0,0,0,45.2,46.0,60.9,1,0,2,3,1,0
Matt Barkley,7880,QB,1,PHI,3,1,0,2,0,0,0,0,0,46.7,,60.0,0,0,0,0,0,0
Ace Sanders,7883,WR,11,JAX,8,0,0,8,0,0,0,0,0,56.4,,60.8,0,0,0,0,0,0
Josh Boyce,7884,WR,1,NE,2,0,0,2,0,0,0,0,0,54.9,,60.0,0,0,0,0,0,0
Dion Sims,7888,TE,14,MIA,276,0,52,224,6,0,0,0,1,67.2,54.1,70.2,0,0,3,3,3,1
Brian Schwenke,7889,C,11,TEN,647,0,417,230,0,0,663,0,0,63.4,64.7,64.4,1,7,10,18,3,0
David Bakhtiari,7891,T,16,GB,1006,0,622,384,1027,0,0,0,0,71.4,83.6,55.7,6,5,18,29,9,1
Ryan Nassib,7892,QB,4,NYG,17,8,0,9,0,0,0,0,0,42.4,,60.0,1,0,0,1,0,0
Shamarko Thomas,7893,S,2,PIT,1,0,1,0,0,0,0,0,0,60.0,,,0,0,0,0,0,0
Barrett Jones,7895,G,1,SL,23,0,19,4,0,0,23,0,0,65.3,82.0,59.6,0,0,0,0,0,0
Earl Watford,7898,G,2,ARZ,9,0,5,4,0,9,0,0,0,59.8,78.3,56.9,0,0,0,0,0,0
Khaled Holmes,7903,C,5,IND,171,0,122,49,0,0,136,36,0,53.0,45.1,54.6,0,1,4,5,1,1
J.C. Tretter,7904,T,6,GB,58,0,22,36,25,9,0,0,11,51.6,43.8,66.5,1,1,2,4,2,0
Quinton Patton,7910,WR,4,SF,39,0,0,39,0,0,0,0,0,51.8,,73.2,0,0,0,0,0,0
Kyle Juszczyk,7912,FB,16,BLT,296,0,17,279,0,0,0,0,0,70.9,55.7,85.7,0,1,3,4,0,0
Levine Toilolo,7915,TE,16,ATL,462,0,116,346,2,0,0,0,14,53.8,69.5,72.8,0,1,5,6,2,1
Denard Robinson,7917,HB,13,JAX,111,1,76,34,0,0,0,0,0,55.9,68.6,55.8,3,0,3,6,0,0
Stepfan Taylor,7922,HB,14,ARZ,54,0,44,10,0,0,0,0,0,62.8,75.5,60.3,0,0,1,1,1,1
Oday Aboushi,7923,G,13,NYJ,722,0,394,328,0,728,0,6,0,71.7,63.2,70.4,2,5,16,23,1,0
Kenny Stills,7926,WR,15,NO,141,0,0,141,0,0,0,0,0,78.4,,64.1,0,0,0,0,1,0
Joseph Randle,7933,HB,14,DAL,13,0,12,1,0,0,0,0,0,74.4,87.1,60.0,0,0,0,0,0,0
Chris Thompson,7936,HB,2,WAS,5,0,5,0,0,0,0,0,0,66.0,39.5,,0,1,0,1,0,0
Tanner Hawkinson,7938,T,2,CIN,5,0,1,4,2,0,0,0,2,58.7,74.2,56.1,0,0,0,0,0,0
Luke Willson,7940,TE,15,SEA,310,0,49,261,0,0,0,0,0,68.3,70.5,74.9,1,0,4,5,2,0
Zac Stacy,7942,HB,12,SL,24,0,16,8,0,0,0,0,0,63.6,83.7,60.4,0,1,0,1,0,0
Tavarres King,7943,WR,2,TB,33,0,0,33,0,0,0,0,0,54.3,,59.2,0,0,0,0,0,0
Jordan Mills,7945,T,13,CHI,814,0,570,244,0,0,0,0,838,62.7,59.9,73.1,6,6,31,43,8,2
Sam Martin,7947,P,1,DET,2,2,0,0,0,0,0,0,0,70.1,,,0,0,0,0,0,0
Rick Wagner,7950,T,15,BLT,969,0,552,417,0,0,0,0,985,80.1,81.7,73.1,2,1,20,23,2,0
Corey Fuller,7953,WR,16,DET,138,0,0,138,0,0,0,0,0,57.7,,57.6,0,0,0,0,0,0
Tourek Williams,7960,ED,1,SD,1,0,1,0,0,0,0,0,0,60.0,,,0,0,0,0,0,0
Latavius Murray,7962,HB,11,OAK,53,0,44,9,0,0,0,0,0,65.3,78.0,60.1,0,2,0,2,1,0
Mychal Rivera,7965,TE,16,OAK,303,0,49,254,1,0,0,0,0,53.1,68.2,44.9,0,0,2,2,4,1
Justin Brown,7967,WR,6,PIT,93,0,0,93,0,0,0,0,0,46.4,,58.8,0,0,0,0,2,2
Andre Ellington,7968,HB,12,ARZ,64,0,52,12,0,0,0,0,0,55.1,81.2,60.1,0,0,3,3,0,0
Mike James,7970,HB,7,TB,9,0,2,7,0,0,0,0,0,56.2,23.5,69.7,0,0,1,1,0,0
Rex Burkhead,7971,HB,6,CIN,8,0,7,1,0,0,0,0,0,58.1,49.4,60.0,0,0,1,1,0,0
Theo Riddick,7980,HB,13,DET,15,0,11,4,0,0,0,0,0,79.1,37.2,60.0,1,0,1,2,0,0
Ryan Griffin,7982,TE,14,HST,177,0,23,154,1,0,0,0,0,52.8,65.0,63.8,0,0,0,0,3,0
Vince Williams,7988,LB,2,PIT,2,0,2,0,0,0,0,0,0,60.0,,,0,0,0,0,1,0
Brice Butler,7991,WR,14,OAK,75,0,0,75,0,0,0,0,0,70.1,,71.3,0,0,0,0,0,0
Tommy Bohanon,7997,FB,4,NYJ,30,0,3,27,0,0,0,0,0,63.0,76.5,47.1,0,0,0,0,0,0
Charles Johnson,7998,WR,12,MIN,152,0,0,152,0,0,0,0,0,67.6,,75.6,0,0,0,0,3,0
Ryan Seymour,8002,C,4,CLV,170,0,106,64,0,0,179,0,0,50.4,64.9,48.5,2,1,2,5,2,0
Chris Gragg,8004,TE,10,BUF,135,0,8,127,0,0,0,0,0,61.3,74.3,63.5,0,0,0,0,0,0
Kevin Dorsey,8007,WR,2,GB,8,0,0,8,0,0,0,0,0,58.0,,56.4,0,0,0,0,0,0
Garrett Gilkey,8010,G,10,TB,204,0,126,78,0,84,69,48,0,29.9,42.9,52.3,2,3,7,12,9,3
Kerwynn Williams,8013,HB,4,ARZ,14,0,12,2,0,0,0,0,0,59.5,88.5,59.3,0,0,0,0,0,0
Marquess Wilson,8019,WR,7,CHI,105,0,0,105,0,0,0,0,0,53.4,,79.3,0,0,0,0,1,0
T.J. Johnson,8034,G,2,CIN,6,0,0,6,0,0,0,6,0,57.7,,57.8,0,0,0,0,0,0
Michael Cox,8036,HB,2,NYG,3,0,3,0,0,0,0,0,0,64.3,52.2,,0,0,0,0,0,0
Carson Tinker,8043,LS,1,JAX,1,0,1,0,0,0,0,0,0,60.0,,,0,0,0,0,0,0
Terren Jones,8047,T,1,TEN,42,0,36,6,0,0,0,0,43,56.7,60.9,64.5,2,1,1,4,1,0
Chris Hubbard,8051,G,1,PIT,7,0,0,7,0,7,0,0,0,55.9,,56.3,0,0,0,0,0,0
Rashad Ross,8061,WR,1,CHI,9,0,0,9,0,0,0,0,0,58.8,,60.0,0,0,0,0,0,0
Alvin Bailey,8071,T,11,SEA,420,0,201,219,189,220,0,1,0,62.4,75.0,59.2,1,1,12,14,4,0
Josh McNary,8073,LB,1,IND,1,0,1,0,0,0,0,0,0,60.0,,,0,0,0,0,0,0
Daren Bates,8077,LB,2,SL,2,0,2,0,0,0,0,0,0,60.0,,,0,0,0,0,0,0
Brian Leonhardt,8083,TE,12,OAK,147,0,30,117,1,0,0,0,3,54.9,73.9,59.9,0,0,1,1,1,0
Chris Pantale,8089,TE,2,NYJ,3,0,1,2,0,0,0,0,0,60.7,,59.7,0,0,0,0,0,0
C.J. Anderson,8101,HB,15,DEN,72,0,53,19,0,0,0,0,0,85.1,82.5,73.1,0,1,3,4,0,0
George Winn,8123,HB,8,DET,6,0,2,4,0,0,0,0,0,55.0,29.1,60.0,1,0,0,1,0,0
Kenbrell Thompkins,8126,WR,14,OAK,120,0,0,120,0,0,0,0,0,60.3,,67.9,0,0,0,0,2,1
Jaron Brown,8128,WR,16,ARZ,69,0,0,69,0,0,0,0,0,77.1,,80.5,0,0,0,0,0,0
Dalton Freeman,8130,C,4,NYJ,110,0,53,57,0,0,110,1,0,54.4,40.0,57.3,1,1,2,4,1,0
Josh Martin,8138,ED,1,KC,1,0,0,1,0,0,0,0,0,60.0,,60.0,0,0,0,0,0,0
Frankie Hammond,8156,WR,16,KC,89,0,0,89,0,0,0,0,0,46.5,,48.2,0,0,0,0,1,1
Xavier Nixon,8157,T,4,IND,96,0,59,37,0,0,0,2,64,47.2,54.1,55.6,1,3,3,7,3,0
Rodney Smith,8165,WR,3,CLV,10,0,0,10,0,0,0,0,0,56.3,,60.1,0,0,0,0,0,0
Marlon Brown,8179,WR,14,BLT,123,0,0,123,0,0,0,0,0,68.5,,68.7,0,0,0,0,0,0
Tim Lelito,8189,C,7,NO,287,0,168,119,0,0,293,0,0,62.6,67.3,61.6,0,3,2,5,1,0
Josh Hill,8200,TE,16,NO,204,0,41,163,0,0,0,0,0,72.6,73.5,62.8,0,0,0,0,1,0
Matt Tobin,8211,G,8,PHI,523,0,321,202,3,391,0,141,0,64.4,47.1,68.8,1,7,11,19,0,0
Justin Tuggle,8225,LB,1,HST,1,0,1,0,0,0,0,0,0,60.0,,,0,0,0,0,1,0
Josh Kline,8230,G,9,NE,290,0,171,119,0,137,0,160,0,63.0,58.8,66.5,2,3,7,12,0,0
Keavon Milton,8250,G,1,SEA,3,0,1,2,0,0,0,3,0,59.3,65.2,59.2,0,0,0,0,0,0
Russell Shepard,8254,WR,14,TB,69,0,0,69,0,0,0,0,0,64.2,,82.3,0,0,0,0,0,0
Brad Wing,8256,P,2,PIT,1,1,0,0,0,0,0,0,0,56.7,,,0,0,0,0,0,0
Jordan Devey,8268,T,6,NE,297,0,176,121,0,109,0,193,0,46.4,31.1,59.8,1,3,9,13,5,1
Patrick Omameh,8277,G,16,TB,902,0,598,304,0,0,0,928,0,68.0,63.1,68.2,5,6,25,36,5,2
Benny Cunningham,8283,HB,16,SL,86,0,76,10,0,0,0,0,0,66.5,57.1,57.7,1,2,4,7,0,0
MarQueis Gray,8286,TE,11,BUF,91,0,7,84,0,0,0,0,0,61.8,55.7,58.8,0,1,1,2,2,0
Adam Thielen,8288,WR,15,MIN,68,0,0,68,0,0,0,0,0,71.1,,91.4,0,0,0,0,0,0
Zach Sudfeld,8313,TE,16,NYJ,87,0,11,76,0,0,0,0,0,63.2,52.3,61.3,0,1,1,2,0,0
Lane Taylor,8365,G,9,GB,126,0,66,60,0,20,0,106,0,41.2,55.4,41.8,0,0,2,2,1,0
Matt McGloin,8374,QB,1,OAK,22,20,0,2,0,0,0,0,0,52.2,,60.0,0,0,0,0,0,0
Tim Wright,8392,TE,16,NE,89,0,9,80,0,0,0,0,0,61.9,73.0,51.4,0,0,0,0,2,0
Austin Johnson,8438,FB,7,NO,78,0,14,64,0,0,0,0,0,71.5,88.0,68.1,0,0,0,0,0,0
Patrick Lewis,8452,C,6,SEA,269,0,147,122,0,0,279,0,0,52.2,64.9,50.3,2,0,5,7,2,1
Cody Davis,8458,S,2,SL,2,0,2,0,0,0,0,0,0,60.0,,,0,0,0,0,0,0
LaAdrian Waddle,8460,T,10,DET,550,0,354,196,0,0,0,1,560,70.1,75.5,65.6,5,2,12,19,6,3
Joseph Fauria,8478,TE,7,DET,56,0,5,51,0,0,0,0,0,68.0,56.0,63.5,0,0,1,1,0,0
Ryan Schraeder,8496,T,13,ATL,646,0,415,231,10,0,0,0,612,74.8,78.3,70.1,3,2,13,18,3,0
LaRoy Reynolds,8500,LB,1,JAX,1,0,1,0,0,0,0,0,0,60.0,,,0,0,0,0,2,1
Khiry Robinson,8514,HB,10,NO,20,0,9,11,0,0,0,0,0,79.5,43.8,60.2,2,0,0,2,0,0
Terence Garvin,8515,LB,2,PIT,2,0,2,0,0,0,0,0,0,60.0,,,0,0,0,0,0,0
Jack Doyle,8520,TE,16,IND,274,0,61,213,1,0,0,0,1,71.7,75.4,69.8,0,1,3,4,2,0
Demetrius Harris,8524,TE,7,KC,35,0,3,32,0,0,0,0,0,67.3,69.5,76.0,0,0,0,0,0,0
Fozzy Whittaker,8547,HB,8,CAR,14,0,12,2,0,0,0,0,0,71.0,86.5,60.0,0,0,0,0,0,0
Darren Fells,8549,TE,10,ARZ,166,0,27,139,1,0,0,0,0,82.2,78.0,76.8,0,0,0,0,0,0
Greg Robinson,8637,T,14,SL,724,0,434,290,581,168,0,0,0,61.3,61.0,67.3,7,9,11,27,11,0
Blake Bortles,8638,QB,14,JAX,858,587,1,270,0,0,0,0,0,46.7,61.3,60.7,7,1,2,10,6,0
Sammy Watkins,8639,WR,16,BUF,375,0,0,375,0,0,0,0,0,69.3,,78.2,0,0,0,0,6,0
Jake Matthews,8641,T,15,ATL,944,0,634,310,960,0,0,0,0,59.7,65.1,53.9,7,9,35,51,10,2
Mike Evans,8642,WR,15,TB,223,0,0,223,0,0,0,0,0,84.6,,70.8,0,0,0,0,5,1
Eric Ebron,8645,TE,13,DET,151,0,11,140,0,0,0,0,0,57.0,60.2,68.1,0,1,0,1,3,1
Taylor Lewan,8646,T,10,TEN,353,0,218,135,346,0,0,0,0,80.9,78.6,87.0,4,2,5,11,5,0
Odell Beckham Jr.,8647,WR,12,NYG,266,2,0,264,0,0,0,0,0,90.8,,65.3,0,0,0,0,2,0
Zack Martin,8651,G,16,DAL,1054,0,548,506,0,0,0,1076,0,86.4,92.0,77.7,0,2,8,10,2,0
Calvin Pryor,8653,S,1,NYJ,1,0,1,0,0,0,0,0,0,60.0,,,0,0,0,0,0,0
Ja'Wuan James,8654,T,16,MIA,1038,0,648,390,492,0,0,0,574,63.4,63.2,61.4,6,12,40,58,9,1
Brandin Cooks,8655,WR,10,NO,150,0,0,150,0,0,0,0,0,68.8,,62.3,0,0,0,0,0,0
Johnny Manziel,8657,QB,5,CLV,71,47,0,24,0,0,0,0,0,47.5,,60.0,1,2,1,4,0,0
Kelvin Benjamin,8663,WR,16,CAR,353,0,0,353,0,0,0,0,0,73.5,,63.5,0,0,0,0,7,0
Teddy Bridgewater,8667,QB,13,MIN,781,501,0,280,0,0,0,0,0,75.6,,60.0,2,1,2,5,5,0
Xavier Su'a-Filo,8668,G,8,HST,127,0,67,60,0,70,0,54,0,52.2,37.8,59.9,1,1,3,5,1,0
Joel Bitonio,8670,G,16,CLV,1052,0,584,468,0,1078,0,0,0,79.3,87.5,72.9,1,3,11,15,5,1
Derek Carr,8671,QB,16,OAK,971,666,0,305,0,0,0,0,0,50.3,,60.7,4,0,1,5,10,1
Austin Seferian-Jenkins,8673,TE,9,TB,199,0,53,146,0,0,0,0,0,61.6,62.9,71.2,0,0,1,1,4,0
Marqise Lee,8674,WR,13,JAX,141,0,0,141,0,0,0,0,0,61.4,,61.7,0,0,0,0,2,2
Kyle Van Noy,8675,LB,1,DET,1,0,1,0,0,0,0,0,0,60.0,,,0,0,0,0,0,0
Jordan Matthews,8677,WR,16,PHI,252,0,0,252,0,0,0,0,0,72.2,,56.6,0,0,0,0,2,0
Weston Richburg,8678,G,16,NYG,1035,0,620,415,0,1058,0,0,0,62.4,69.8,58.6,2,7,16,25,7,1
Paul Richardson Jr.,8680,WR,15,SEA,184,0,0,184,0,0,0,0,0,66.6,,63.0,0,0,0,0,1,0
Jace Amaro,8684,TE,14,NYJ,118,0,11,107,1,0,0,0,0,67.9,48.2,69.9,1,0,0,1,1,0
Troy Niklas,8687,TE,7,ARZ,71,0,6,65,0,0,0,0,0,55.9,75.4,46.9,0,0,0,0,0,0
Davante Adams,8688,WR,16,GB,243,0,0,243,0,0,0,0,0,60.5,,62.5,0,0,0,0,3,0
Bishop Sankey,8689,HB,16,TEN,39,0,31,8,1,0,0,0,0,64.8,30.6,59.1,0,1,5,6,0,0
Jeremy Hill,8690,HB,16,CIN,85,0,56,29,0,0,0,0,0,62.3,85.3,75.5,1,0,2,3,0,0
Cody Latimer,8691,WR,6,DEN,20,0,0,20,0,0,0,0,0,63.0,,61.2,0,0,0,0,0,0
Carlos Hyde,8692,HB,14,SF,84,0,58,26,0,0,0,0,0,65.1,74.2,60.3,1,0,5,6,1,0
Jack Mewhort,8694,G,14,IND,986,0,660,326,0,947,0,0,71,70.0,73.3,66.7,2,11,19,32,5,0
Allen Robinson II,8696,WR,10,JAX,159,0,0,159,0,0,0,0,0,69.4,,67.5,0,0,0,0,0,0
Jimmy Garoppolo,8697,QB,6,NE,61,37,0,24,0,0,0,0,0,53.0,,60.2,1,0,0,1,0,0
Jarvis Landry,8698,WR,16,MIA,216,0,0,216,0,0,0,0,0,78.0,,78.4,0,0,0,0,0,0
Justin Britt,8699,T,16,SEA,1058,0,573,485,0,0,0,0,1093,71.6,54.4,85.1,5,6,38,49,8,0
C.J. Fiedorowicz,8700,TE,15,HST,353,0,70,283,4,0,0,0,0,50.1,64.9,57.9,1,1,1,3,6,1
Morgan Moses,8701,T,4,WAS,126,0,70,56,126,0,0,0,5,54.4,63.2,50.2,3,2,0,5,1,0
Billy Turner,8702,G,1,MIA,17,0,12,5,0,0,0,0,17,64.3,77.9,55.7,0,0,0,0,0,0
Charles Sims,8704,HB,8,TB,39,0,38,1,0,0,0,0,0,52.5,60.2,60.0,0,2,3,5,0,0
Marcus Martin,8705,C,8,SF,513,0,306,207,0,0,526,0,0,54.1,60.0,54.6,2,2,12,16,4,0
Tre Mason,8710,HB,12,SL,57,0,32,25,0,0,0,0,0,65.8,61.1,60.3,2,0,2,4,1,0
Travis Swanson,8711,C,10,DET,360,0,236,124,0,0,70,275,0,54.5,61.6,48.3,1,3,11,15,1,1
Spencer Long,8713,G,3,WAS,16,0,11,5,8,4,0,6,0,64.1,83.9,54.4,0,0,0,0,0,0
Gabe Jackson,8716,G,13,OAK,813,0,554,259,0,836,0,1,0,69.8,85.6,62.0,1,2,16,19,5,1
Josh Huff,8721,WR,12,PHI,94,0,0,94,0,0,0,0,0,58.3,,91.7,0,0,0,0,1,0
Chris Watt,8724,G,12,SD,485,0,315,170,0,0,311,185,0,68.8,72.0,67.9,3,1,5,9,5,1
Donte Moncrief,8725,WR,16,IND,132,0,0,132,0,0,0,0,0,72.0,,76.5,0,0,0,0,0,0
John Brown,8726,WR,16,ARZ,155,0,0,155,0,0,0,0,0,69.7,,69.0,0,0,0,0,2,0
Trai Turner,8727,G,13,CAR,660,0,396,264,0,0,0,673,0,72.5,81.8,65.9,0,4,7,11,2,0
Brandon Linder,8728,G,15,JAX,901,0,597,304,0,0,0,918,0,79.7,86.2,72.4,5,2,8,15,2,1
Terrance West,8729,HB,14,CLV,76,0,61,15,0,0,0,0,0,58.9,87.9,73.7,0,2,3,5,1,0
Jerick McKinnon,8731,HB,11,MIN,53,0,45,8,0,0,0,0,0,68.4,41.3,59.8,3,1,6,10,0,0
Dri Archer,8732,HB,12,PIT,4,0,2,2,0,0,0,0,0,55.0,16.3,60.0,0,0,0,0,0,0
Richard Rodgers,8733,TE,16,GB,265,0,37,228,0,0,0,0,0,60.5,86.2,61.0,2,0,1,3,1,1
Crockett Gillmore,8734,TE,14,BLT,252,0,47,205,0,0,0,0,0,72.0,65.3,67.8,0,1,3,4,0,0
Devonta Freeman,8738,HB,16,ATL,36,0,33,3,0,0,0,0,0,69.1,71.8,60.0,2,2,0,4,0,0
Jalen Saunders,8739,WR,2,NO,5,0,0,5,0,0,0,0,0,60.1,,60.7,0,0,0,0,0,0
Bryan Stork,8740,C,13,NE,797,0,487,310,0,0,810,0,0,65.5,74.7,62.6,1,8,4,13,5,0
Bruce Ellington,8741,WR,12,SF,31,0,0,31,0,0,0,0,0,67.1,,76.0,0,0,0,0,0,0
Russell Bodine,8746,C,16,CIN,1064,0,584,480,0,0,1090,0,0,67.0,64.6,66.0,2,4,14,19,4,0
Andre Williams,8748,HB,16,NYG,85,0,73,12,0,0,0,0,0,60.1,79.5,59.9,1,0,3,4,0,0
Ka'Deem Carey,8752,HB,13,CHI,17,0,8,9,0,0,0,0,0,52.7,51.3,55.0,0,0,1,1,0,0
Martavis Bryant,8753,WR,10,PIT,83,0,1,82,0,0,0,0,0,74.8,60.9,68.8,0,0,0,0,0,0
Logan Thomas,8755,QB,2,ARZ,17,11,0,6,0,0,0,0,0,57.8,,60.0,1,0,0,1,0,0
Kevin Norwood,8758,WR,9,SEA,90,0,0,90,0,0,0,0,0,67.3,,48.7,0,0,0,0,1,0
De'Anthony Thomas,8759,HB,12,KC,68,0,0,68,0,0,0,0,0,73.8,,64.2,0,0,0,0,0,0
James White,8765,HB,3,NE,4,0,2,2,0,0,0,0,0,53.3,75.0,60.0,0,0,0,0,0,0
Tom Savage,8770,QB,2,HST,55,24,0,31,0,0,0,0,0,52.1,,60.0,1,0,0,1,0,0
Lorenzo Taliaferro,8773,HB,12,BLT,23,0,15,8,0,0,0,0,0,63.1,79.4,59.7,0,0,0,0,0,0
Cameron Fleming,8775,T,7,NE,207,0,98,109,0,0,0,87,36,64.7,37.9,72.0,1,1,7,9,1,0
Ryan Grant,8777,WR,16,WAS,64,0,0,64,0,0,0,0,0,54.5,,43.6,0,0,0,0,0,0
Devin Street,8781,WR,16,DAL,64,0,0,64,0,0,0,0,0,52.3,,76.3,0,0,0,0,1,0
Kevin Pamphile,8784,T,7,TB,119,0,51,68,22,0,0,0,58,62.8,28.2,78.2,3,1,5,9,1,0
Cyril Richardson,8788,G,6,BUF,312,0,201,111,0,321,0,0,0,51.3,34.0,66.2,1,6,10,17,4,0
Jeremiah George,8789,LB,1,JAX,1,0,1,0,0,0,0,0,0,60.0,,,0,0,0,0,0,0
Corey Linsley,8796,C,16,GB,1050,0,633,417,0,0,1072,0,0,76.6,83.3,71.0,1,2,12,15,5,1
Ronald Powell,8804,LB,1,NO,1,0,1,0,0,0,0,0,0,60.0,,,0,0,0,0,0,0
John Urschel,8810,G,7,BLT,222,0,119,103,0,140,1,86,0,71.0,80.3,64.2,0,1,2,3,2,1
Zach Mettenberger,8813,QB,7,TEN,302,210,0,92,0,0,0,0,0,56.7,,60.0,1,0,0,1,1,0
Alfred Blue,8816,HB,16,HST,45,0,25,20,0,0,0,0,0,55.1,33.9,80.3,1,2,1,4,0,0
Robert Herron,8820,WR,7,TB,16,0,0,16,0,0,0,0,0,46.7,,60.8,0,0,0,0,0,0
Zach Fulton,8828,G,16,KC,996,0,603,393,0,0,0,1021,0,64.0,70.9,57.5,3,5,21,29,5,1
Walter Powell,8831,WR,3,NYJ,5,0,0,5,0,0,0,0,0,58.2,,60.0,0,0,0,0,0,0
Marion Grice,8835,HB,7,ARZ,29,1,25,3,0,0,0,0,0,68.2,80.6,60.0,1,0,1,2,0,0
Drew Jackson,8837,LB,5,IND,8,0,3,5,0,0,0,0,0,67.5,81.4,64.8,0,0,0,0,0,0
Luke Bowanko,8839,C,15,JAX,922,0,611,311,0,0,937,0,0,64.3,67.0,63.9,4,3,16,23,5,1
Quincy Enunwa,8843,WR,1,NYJ,2,0,0,2,0,0,0,0,0,58.9,,60.0,0,0,0,0,0,0
Jay Prosch,8845,FB,16,HST,144,0,11,133,0,0,0,0,0,68.4,69.1,74.6,0,0,0,0,0,0
Michael Campanaro,8852,WR,4,BLT,23,0,0,23,0,0,0,0,0,81.8,,91.8,0,0,0,0,0,0
Storm Johnson,8856,HB,6,JAX,12,0,10,2,0,0,0,0,0,55.4,28.0,60.0,1,0,1,2,0,0
Kiero Small,8861,FB,3,CLV,64,0,6,58,0,0,0,0,0,53.1,36.5,56.8,0,0,1,1,0,0
Trevor Reilly,8867,ED,1,NYJ,1,0,1,0,0,0,0,0,0,60.0,,,0,0,0,0,0,0
Jeff Janis,8870,WR,3,GB,6,0,0,6,0,0,0,0,0,68.0,,60.6,0,0,0,0,0,0
Seantrel Henderson,8871,T,16,BUF,1061,0,663,398,0,0,0,0,1086,57.3,62.7,48.4,6,12,28,46,4,0
James Wright,8873,WR,11,CIN,62,0,0,62,0,0,0,0,0,60.8,,67.7,0,0,0,0,0,0
Charles Leno Jr.,8880,T,5,CHI,28,0,16,12,0,0,0,0,0,53.7,48.7,57.9,0,1,0,1,0,0
Silas Redd,8900,HB,8,WAS,10,0,9,1,0,0,0,0,0,63.5,84.6,60.0,0,0,0,0,0,0
Austin Wentworth,8912,G,3,MIN,7,0,1,6,0,0,0,0,0,45.3,66.4,48.9,0,0,0,0,0,0
Allen Hurns,8931,WR,16,JAX,242,0,0,242,0,0,0,0,0,62.0,,58.5,0,0,0,0,2,1
Marcel Jensen,8936,TE,1,JAX,12,0,5,7,0,0,0,0,0,38.6,0.0,67.0,2,0,1,3,0,0
Albert Wilson,8943,WR,8,KC,44,0,0,44,0,0,0,0,0,68.4,,53.1,0,0,0,0,1,0
Nic Jacobs,8946,TE,12,JAX,99,0,24,75,0,0,0,0,1,55.2,47.0,61.3,1,1,1,3,3,0
Trey Watts,8950,HB,6,SL,2,0,0,2,0,0,0,0,0,59.7,,60.0,0,0,0,0,0,0
Scott Simonson,8954,TE,4,OAK,12,0,1,11,0,0,0,0,0,52.3,69.8,60.0,0,0,0,0,0,0
Juwan Thompson,8955,HB,14,DEN,21,0,8,13,0,0,0,0,0,66.0,50.9,69.5,0,0,1,1,0,0
Josh Wells,8968,T,6,JAX,101,0,63,38,56,0,0,0,42,69.1,60.3,79.6,0,0,1,1,1,0
Corey Brown,8986,WR,13,CAR,103,0,0,103,0,0,0,0,0,69.3,,70.9,0,0,0,0,1,0
James Hurst,9001,T,10,BLT,380,0,224,156,351,0,0,0,28,53.4,46.1,57.7,3,6,7,16,7,1
Taylor Gabriel,9002,WR,16,CLV,253,0,0,253,0,0,0,0,0,74.6,,84.2,0,0,0,0,0,0
Darrin Reaves,9006,HB,5,CAR,61,0,41,20,0,0,0,0,0,50.5,52.0,56.8,1,0,3,4,0,0
Kasim Edebali,9011,ED,1,NO,1,0,1,0,0,0,0,0,0,60.0,,,0,0,0,0,0,0
Antonio Andrews,9014,HB,3,TEN,8,0,1,7,0,0,0,0,0,77.6,71.8,71.3,0,0,0,0,0,0
Cornelius Lucas,9025,T,12,DET,448,0,301,147,155,0,0,0,300,61.7,71.4,51.9,5,3,15,23,3,0
Michael Ola,9032,T,13,CHI,823,0,545,278,143,384,0,66,251,64.6,70.7,59.1,3,5,21,29,3,0
Connor Shaw,9036,QB,1,CLV,60,37,0,23,0,0,0,0,0,42.2,,60.0,0,0,0,0,1,0
Charcandrick West,9047,HB,3,KC,2,0,0,2,0,0,0,0,0,59.7,,60.0,0,0,0,0,0,0
Asante Cleveland,9066,TE,3,SF,29,0,4,25,0,0,0,0,0,39.9,72.0,61.1,0,0,0,0,1,0
Josh Harris,9076,HB,3,PIT,7,0,1,6,0,0,0,0,0,60.7,69.2,60.0,0,0,0,0,0,0
Henoc Muamba,9098,LB,1,IND,1,0,1,0,0,0,0,0,0,60.0,,,0,0,0,0,0,0
Ryan Hewitt,9107,FB,16,CIN,351,0,62,289,1,0,0,0,1,75.2,72.5,80.3,1,0,2,3,1,0
Andrew Norwell,9126,G,10,CAR,679,0,385,294,0,611,0,85,0,74.9,78.2,69.7,1,1,13,15,1,0
RaShaun Allen,9128,TE,1,SEA,10,0,2,8,0,0,0,0,0,58.4,71.0,60.5,0,0,0,0,0,0
Jonotthan Harrison,9132,C,12,IND,693,0,453,240,0,31,669,8,0,61.0,63.1,65.2,2,6,16,24,5,0
Garry Gilliam,9137,T,11,SEA,79,0,23,56,1,24,0,0,0,63.5,64.1,65.0,0,0,2,2,2,0
Ray Agnew,9141,FB,12,CLV,147,0,21,126,0,0,0,0,0,54.0,75.2,61.4,0,0,1,1,1,0
James Stone,9148,C,11,ATL,672,0,449,223,0,3,681,0,0,59.9,69.0,54.6,0,6,15,21,3,1
Zurlon Tipton,9164,HB,2,IND,13,0,9,4,0,0,0,0,0,58.5,71.6,60.0,1,0,0,1,0,0
Orleans Darkwa,9173,HB,5,NYG,12,0,7,5,0,0,0,0,0,66.3,52.3,60.0,0,0,0,0,0,0
Corey Washington,9189,WR,10,NYG,22,0,0,22,0,0,0,0,0,74.1,,60.5,0,0,0,0,0,0
Damien Williams,9205,HB,15,MIA,27,0,18,9,0,0,0,0,0,81.1,72.1,60.1,0,0,2,2,0,0
Cameron Brate,9207,TE,4,TB,29,0,0,29,0,0,0,0,0,64.3,,61.1,0,0,0,0,0,0
Josh Allen,9216,C,3,TB,45,0,20,25,0,0,0,45,0,56.1,13.0,65.9,1,0,0,1,0,0
Ryan Groy,9221,G,4,CHI,226,0,162,64,0,236,0,0,0,64.4,68.3,62.7,1,1,5,7,1,0
Fitzgerald Toussaint,9244,HB,3,BLT,5,0,5,0,0,0,0,0,0,57.8,81.7,,0,0,0,0,0,0
Justin Perillo,9248,TE,2,GB,9,0,0,9,0,0,0,0,0,54.5,,56.9,0,0,0,0,0,0
Daniel Sorensen,9253,S,1,KC,1,0,0,1,0,0,0,0,0,60.0,,60.0,0,0,0,0,1,0
Tyler Shatley,9257,G,1,JAX,44,0,32,12,0,0,0,44,0,67.8,74.6,62.1,0,0,0,0,0,0
David Foucault,9281,T,4,CAR,127,0,80,47,91,0,0,0,36,39.3,24.8,52.7,3,1,8,12,0,0
Branden Oliver,9286,HB,14,SD,40,0,35,5,0,0,0,0,0,75.3,71.5,60.0,0,3,0,3,0,0
Dillon Farrell,9291,G,7,SF,37,0,25,12,1,1,28,0,0,62.1,60.2,61.7,0,0,1,1,0,0
Isaiah Crowell,9295,HB,15,CLV,65,0,54,11,0,0,0,0,0,53.8,62.6,60.0,2,2,1,5,0,0
Alex Bayer,9299,TE,2,SL,5,0,1,4,0,0,0,0,0,58.0,,58.5,0,0,0,0,0,0
Isaiah Burse,9300,WR,3,DEN,10,0,0,10,0,0,0,0,0,42.0,,55.4,0,0,0,0,0,0
Jeremiah Sirles,9305,G,2,SD,112,0,79,33,0,0,0,114,0,75.2,64.3,76.6,1,0,1,2,0,0
Harold Hoskins,9349,TE,10,MIA,59,0,5,54,0,0,0,0,0,55.4,74.2,61.9,0,0,0,0,1,0
Jordan Thompson,9399,TE,2,DET,12,0,0,12,0,0,0,0,0,38.0,,58.4,0,0,0,0,0,0
