year,player,player_id,position,player_game_count,team_name,run_snaps,tackles,assists,misses,stops,stop_percent
2016,Kamu Grugier-Hill,10842,LB,1,PHI,1,1,0,0,1,100
2016,Deon King,11124,LB,1,IND,3,1,0,0,1,33.3
2016,Ronald Martin,9991,S,2,NYJ,3,1,0,0,1,33.3
2016,Bryan Braman,6699,ED,3,PHI,3,1,0,0,1,33.3
2016,Adarius Taylor,9074,LB,2,TB,7,4,0,0,2,28.6
2016,Pierre Desir,8762,S,1,SD,4,1,0,0,1,25
2016,Clayton Fejedelem,10879,S,3,CIN,8,2,0,0,2,25
2016,Kareem Martin,8719,DI,1,ARZ,9,3,1,0,2,22.2
2016,Ray-Ray Armstrong,8271,LB,2,SF,14,3,1,0,3,21.4
2016,Barkevious Mingo,7787,ED,6,NE,15,3,0,0,3,20
2016,Shayne Skov,9317,LB,3,SF,5,1,1,1,1,20
2016,Antwaun Woods,11332,DI,1,TEN,5,3,0,0,1,20
2016,Kyle Peko,11027,DI,1,DEN,5,1,0,0,1,20
2016,Richard Ash,10047,DI,2,DAL,26,5,1,0,5,19.2
2016,Woodrow Hamilton,11215,DI,2,NE,22,5,0,0,4,18.2
2016,Doug Middleton,11262,S,2,NYJ,11,2,1,1,2,18.2
2016,Houston Bates,10167,ED,6,WAS,6,1,0,0,1,16.7
2016,Ben Garland,5839,DI,8,ATL,19,3,0,0,3,15.8
2016,Damon Harrison Sr.,7355,DI,16,NYG,311,61,9,5,49,15.8
2016,David Mayo,9602,LB,1,CAR,13,3,2,0,2,15.4
2016,Dekoda Watson,5740,ED,6,DEN,13,3,0,0,2,15.4
2016,Brian Peters,10248,LB,3,HST,7,1,0,0,1,14.3
2016,Emmanuel Lamur,7561,LB,5,MIN,7,1,0,0,1,14.3
2016,Gabe Martin,9803,LB,2,ARZ,7,1,0,0,1,14.3
2016,Korey Toomer,7147,LB,12,SD,177,35,5,2,25,14.1
2016,NaVorro Bowman,5615,LB,4,SF,99,20,6,4,14,14.1
2016,Dan McCullers,8849,DI,16,PIT,86,13,2,2,12,14
2016,Courtney Upshaw,7039,ED,13,ATL,86,12,3,1,12,14
2016,Sio Moore,7847,LB,8,ARZ,147,31,5,7,20,13.6
2016,Manti Te'o,7819,LB,3,SD,30,5,2,1,4,13.3
2016,Danielle Hunter,9521,ED,16,MIN,176,28,9,5,23,13.1
2016,Randy Gregory,9493,ED,2,DAL,23,6,0,0,3,13
2016,Zaire Anderson,9792,LB,9,DEN,40,7,1,0,5,12.5
2016,Michael Pierce,11101,DI,16,BLT,184,24,3,0,23,12.5
2016,K.J. Dillon,10793,S,2,HST,16,2,0,0,2,12.5
2016,Ryan Carrethers,8800,DI,4,SD,24,3,1,0,3,12.5
2016,Nick Perry,7033,ED,14,GB,193,27,10,4,24,12.4
2016,Brandon Graham,5538,ED,16,PHI,267,43,7,7,33,12.4
2016,Avery Williamson,8786,LB,16,TEN,284,49,17,2,35,12.3
2016,Steve McLendon,5232,DI,11,NYJ,167,23,2,1,20,12
2016,Jadeveon Clowney,8636,ED,14,HST,243,36,4,2,29,11.9
2016,Kawann Short,7825,DI,16,CAR,244,32,8,6,29,11.9
2016,Jerrell Freeman,4888,LB,12,CHI,306,59,14,3,36,11.8
2016,Danny Trevathan,7177,LB,9,CHI,215,38,3,2,25,11.6
2016,Sean Lee,5580,LB,15,DAL,292,50,16,4,34,11.6
2016,James Cowser,11351,ED,5,OAK,26,4,2,0,3,11.5
2016,LaRoy Reynolds,8500,LB,11,ATL,52,8,2,1,6,11.5
2016,Andrew Gachkar,6386,LB,5,DAL,26,3,1,0,3,11.5
2016,Brian Cushing,4938,LB,13,HST,244,36,11,3,28,11.5
2016,Jayrone Elliott,9336,ED,8,GB,44,6,2,0,5,11.4
2016,Roy Miller,5004,DI,6,JAX,79,10,1,0,9,11.4
2016,Alan Branch,3649,DI,16,NE,260,35,8,4,29,11.2
2016,Jake Ryan,9562,LB,13,GB,236,39,12,2,26,11
2016,Malcom Brown,9465,DI,16,NE,237,35,7,3,26,11
2016,Craig Robertson,7003,LB,15,NO,336,57,13,3,37,11
2016,Aaron Donald,8648,DI,16,LA,276,35,9,2,30,10.9
2016,Timmy Jernigan,8683,DI,16,BLT,185,21,5,1,20,10.8
2016,Leonard Williams,9439,DI,16,NYJ,369,45,13,5,40,10.8
2016,Thurston Armbrister,9825,LB,5,DET,28,5,1,1,3,10.7
2016,Zach Kerr,9195,DI,12,IND,112,12,3,2,12,10.7
2016,Deon Simon,9656,DI,13,NYJ,123,14,4,2,13,10.6
2016,Zachary Orr,9326,LB,15,BLT,320,52,18,4,34,10.6
2016,Vince Williams,7988,LB,10,PIT,104,15,5,1,11,10.6
2016,Kerry Wynn,8938,ED,11,NYG,38,5,1,0,4,10.5
2016,Sheldon Richardson,7794,ED,15,NYJ,314,43,11,3,33,10.5
2016,Carl Bradford,8756,LB,2,SF,19,2,0,1,2,10.5
2016,Luke Kuechly,7015,LB,10,CAR,220,36,15,1,23,10.5
2016,Darryl Tapp,3008,ED,15,NO,135,15,2,0,14,10.4
2016,Alec Ogletree,7811,LB,16,LA,395,63,14,17,41,10.4
2016,Josh Mauro,9003,ED,15,ARZ,183,22,5,5,19,10.4
2016,DeAndre Levy,4999,LB,5,DET,77,12,0,0,8,10.4
2016,Jerel Worthy,7054,DI,13,BUF,78,9,4,0,8,10.3
2016,Austin Johnson,10677,DI,10,TEN,68,9,3,0,7,10.3
2016,Telvin Smith Sr.,8779,LB,16,JAX,397,64,5,9,41,10.3
2016,Gabe Wright,9546,DI,5,CLV,29,3,0,0,3,10.3
2016,William Hayes,4417,ED,14,LA,184,26,6,2,19,10.3
2016,Vontaze Burfict,7280,LB,11,CIN,256,43,7,6,26,10.2
2016,Terrell McClain,6217,DI,15,DAL,166,18,12,3,17,10.2
2016,Su'a Cravens,10687,LB,10,WAS,59,7,2,1,6,10.2
2016,Eric Kendricks,9478,LB,15,MIN,315,45,16,7,32,10.2
2016,Tony McDaniel,3423,DI,16,SEA,215,26,10,0,22,10.2
2016,Ed Stinson,8795,DI,4,ARZ,49,6,0,0,5,10.2
2016,Henry Anderson,9526,DI,11,IND,109,12,0,2,11,10.1
2016,Romeo Okwara,11250,DI,12,NYG,89,10,3,0,9,10.1
2016,Derrick Johnson,2232,LB,13,KC,310,47,15,14,31,10
2016,Blake Martinez,10765,LB,13,GB,210,37,10,2,21,10
2016,Michael Bennett,5273,ED,11,SEA,221,26,2,3,22,10
2016,Teddy Williams,6073,CB,2,CAR,10,1,0,0,1,10
2016,Larry Webster,8771,ED,1,CAR,10,1,0,0,1,10
2016,Sharrod Neasman,11050,S,3,ATL,10,3,0,1,1,10
2016,Demarcus Lawrence,8669,ED,9,DAL,70,8,1,3,7,10
2016,Cullen Jenkins,1637,DI,15,WAS,111,13,1,1,11,9.9
2016,Brandon Williams,7875,DI,16,BLT,304,35,14,1,30,9.9
2016,Von Miller,6154,ED,16,DEN,362,45,4,2,36,9.9
2016,Ryan Shazier,8650,LB,13,PIT,255,33,9,11,25,9.8
2016,Danny Shelton,9445,DI,16,CLV,400,45,14,3,39,9.8
2016,Marcell Dareus,6155,DI,8,BUF,205,25,12,0,20,9.8
2016,Paul Worrilow,8141,LB,9,ATL,62,8,3,2,6,9.7
2016,Morgan Fox,11184,DI,4,LA,31,3,1,0,3,9.7
2016,Brandon Dunn,9262,DI,2,HST,31,3,0,1,3,9.7
2016,Ramon Humber,5310,LB,10,BUF,31,3,0,0,3,9.7
2016,Jelani Jenkins,7886,LB,9,MIA,113,13,6,4,11,9.7
2016,Koa Misi,5565,LB,3,MIA,62,15,3,1,6,9.7
2016,Jaye Howard Jr.,7114,DI,8,KC,136,17,5,1,13,9.6
2016,Nick Bellore,6515,LB,12,SF,324,38,9,8,31,9.6
2016,Derek Wolfe,7040,DI,14,DEN,249,33,14,2,24,9.6
2016,Bobby Wagner,7050,LB,16,SEA,425,74,18,6,41,9.6
2016,Christian Kirksey,8706,LB,16,CLV,477,72,21,3,46,9.6
2016,C.J. Wilson,5753,DI,6,CHI,73,7,3,0,7,9.6
2016,Ramik Wilson,9551,LB,11,KC,229,52,17,4,22,9.6
2016,William Gholston,7908,ED,14,TB,261,30,10,3,25,9.6
2016,John Hughes,7088,DI,6,TB,42,4,1,0,4,9.5
2016,Lorenzo Mauldin,9515,ED,10,NYJ,84,9,0,0,8,9.5
2016,Leger Douzable,4654,DI,16,BUF,222,31,6,2,21,9.5
2016,Karlos Dansby,1754,LB,16,CIN,284,42,12,4,27,9.5
2016,Denzel Perryman,9481,LB,12,SD,213,33,5,9,20,9.4
2016,Vincent Rey,5811,LB,16,CIN,224,31,10,1,21,9.4
2016,Dante Fowler Jr.,9436,ED,16,JAX,149,15,6,0,14,9.4
2016,Nick Kwiatkoski,10747,LB,12,CHI,192,28,7,1,18,9.4
2016,Linval Joseph,5571,DI,16,MIN,334,46,23,6,31,9.3
2016,Stacy McGee,7987,DI,9,OAK,108,12,2,0,10,9.3
2016,Ndamukong Suh,5527,DI,16,MIA,355,41,11,0,33,9.3
2016,Trey Flowers,9534,ED,15,NE,162,24,7,1,15,9.3
2016,Gerald Hodges,7902,LB,14,SF,311,51,11,5,29,9.3
2016,Todd Davis,9007,LB,16,DEN,369,56,20,0,34,9.2
2016,Paul Soliai,3724,DI,10,CAR,65,6,0,0,6,9.2
2016,Darrell Stuckey,5634,S,6,SD,11,1,0,0,1,9.1
2016,Mike Purcell,8530,DI,14,SF,176,21,4,2,16,9.1
2016,Damontre Moore,7862,ED,4,SEA,33,4,1,0,3,9.1
2016,Caraun Reid,8793,DI,6,SD,22,2,0,0,2,9.1
2016,Trent Cole,2363,ED,7,IND,88,10,3,3,8,9.1
2016,Kyle Emanuel,9586,ED,16,SD,245,27,5,1,22,9
2016,Kwon Alexander,9557,LB,16,TB,390,56,19,11,35,9
2016,Khalil Mack,8640,ED,16,OAK,355,44,6,5,32,9
2016,Bennie Logan,7848,DI,13,PHI,178,18,4,4,16,9
2016,Zach Brown,7055,LB,16,BUF,428,62,18,7,38,8.9
2016,Devon Kennard,8809,LB,16,NYG,214,28,12,1,19,8.9
2016,Elandon Roberts,10848,LB,11,NE,124,21,3,2,11,8.9
2016,Vincent Valentine,10730,DI,13,NE,135,15,6,1,12,8.9
2016,Lawrence Guy,6385,DI,16,BLT,182,18,4,0,16,8.8
2016,Lawrence Timmons,3631,LB,16,PIT,320,42,19,4,28,8.8
2016,Benardrick McKinney,9476,LB,16,HST,329,53,15,4,29,8.8
2016,Stephon Tuitt,8681,DI,14,PIT,250,25,5,7,22,8.8
2016,C.J. Mosley,8652,LB,14,BLT,295,46,5,7,26,8.8
2016,D.J. Alexander,9605,LB,5,KC,34,5,0,1,3,8.8
2016,Cory James,10828,LB,11,OAK,148,16,4,4,13,8.8
2016,Lorenzo Alexander,2476,ED,16,BUF,310,32,7,3,27,8.7
2016,Markus Golden,9491,ED,16,ARZ,254,28,8,5,22,8.7
2016,Jason Jones,4368,ED,14,MIA,184,20,3,1,16,8.7
2016,Rakeem Nunez-Roches,9650,DI,11,KC,127,18,5,2,11,8.7
2016,Abry Jones,8177,DI,15,JAX,253,24,8,1,22,8.7
2016,Jarvis Jones,7798,ED,13,PIT,149,21,7,0,13,8.7
2016,Shaquil Barrett,9000,ED,16,DEN,185,18,4,2,16,8.6
2016,Ufomba Kamalu,11164,DI,4,HST,35,3,1,0,3,8.6
2016,Nate Stupar,7214,LB,15,NO,163,21,1,5,14,8.6
2016,Kenny Clark,10661,DI,16,GB,151,16,6,0,13,8.6
2016,Corey Lemonier,7869,ED,7,NYJ,35,4,0,0,3,8.6
2016,Joe Thomas,9272,LB,13,GB,176,21,10,2,15,8.5
2016,Keith McGill,8751,S,7,OAK,59,6,2,2,5,8.5
2016,Justin Ellis,8742,DI,16,OAK,188,18,3,0,16,8.5
2016,Kendall Langford,4380,DI,7,IND,95,8,1,1,8,8.4
2016,Jarvis Jenkins,6193,DI,16,KC,107,12,1,1,9,8.4
2016,Mark Barron,7013,LB,16,LA,394,50,13,5,33,8.4
2016,Datone Jones,7807,ED,15,GB,191,18,4,0,16,8.4
2016,Paul Posluszny,3650,LB,16,JAX,404,47,16,8,34,8.4
2016,Wesley Woodyard,4583,LB,16,TEN,242,33,6,2,20,8.3
2016,Branden Jackson,11394,ED,3,OAK,12,1,0,0,1,8.3
2016,David Irving,10063,DI,14,DAL,120,11,0,2,10,8.3
2016,Deion Jones,10686,LB,15,ATL,277,37,10,8,23,8.3
2016,Antonio Morrison,10759,LB,14,IND,144,21,10,2,12,8.3
2016,Anthony Hitchens,8754,LB,16,DAL,230,30,15,8,19,8.3
2016,Michael Griffin,3635,S,10,CAR,133,19,2,3,11,8.3
2016,Brennan Scarlett,11169,ED,4,HST,48,4,2,0,4,8.3
2016,Kyle Williams,3079,DI,15,BUF,314,36,11,8,26,8.3
2016,James Harrison,1251,ED,15,PIT,196,22,7,2,16,8.2
2016,Letroy Guion,4466,DI,15,GB,196,20,7,1,16,8.2
2016,Jurrell Casey,6229,DI,15,TEN,231,26,5,5,19,8.2
2016,Robert Ayers,4941,ED,12,TB,194,18,4,3,16,8.2
2016,Wallace Gilberry,4763,ED,9,CIN,61,7,2,0,5,8.2
2016,Joey Bosa,10637,ED,12,SD,194,20,3,2,16,8.2
2016,Dominique Easley,8664,DI,16,LA,158,17,4,2,13,8.2
2016,Aaron Wallace,10856,ED,8,TEN,37,5,2,0,3,8.1
2016,Chris Jones,7979,DI,13,SF,172,17,4,2,14,8.1
2016,Blake Countess,10830,S,4,LA,50,6,2,2,4,8
2016,Matt Ioannidis,10786,DI,9,WAS,50,5,0,0,4,8
2016,Christian Ringo,9643,DI,7,GB,25,2,0,0,2,8
2016,Pat Sims,4391,DI,16,CIN,201,21,12,2,16,8
2016,Calais Campbell,4364,DI,16,ARZ,301,31,9,1,24,8
2016,Will Sutton III,8717,DI,8,CHI,87,10,5,0,7,8
2016,Eddie Goldman,9472,DI,6,CHI,100,10,2,1,8,8
2016,Stephone Anthony,9464,ED,8,NO,75,8,2,1,6,8
2016,Al Woods,5646,DI,12,TEN,127,12,3,0,10,7.9
2016,Sheldon Day,10737,DI,16,JAX,101,8,2,1,8,7.9
2016,Mitch Unrein,6031,DI,13,CHI,214,18,7,0,17,7.9
2016,Lavar Edwards,7924,ED,10,IND,76,6,2,0,6,7.9
2016,Nick Fairley,6165,DI,16,NO,228,25,6,0,18,7.9
2016,Derrick Shelby,7400,DI,6,ATL,63,5,2,1,5,7.9
2016,Neville Hewitt,9836,LB,14,MIA,190,26,4,4,15,7.9
2016,Akiem Hicks,7090,DI,16,CHI,359,36,12,2,28,7.8
2016,Coty Sensabaugh,7115,CB,8,NYG,77,8,0,0,6,7.8
2016,Tony Jefferson,8361,S,14,ARZ,348,44,10,3,27,7.8
2016,Preston Brown,8708,LB,16,BUF,438,53,29,5,34,7.8
2016,Mason Foster,6236,LB,16,WAS,347,49,20,3,27,7.8
2016,Cedric Thornton,6607,DI,13,DAL,102,10,3,1,8,7.8
2016,Jared Odrick,5553,DI,6,JAX,115,11,3,0,9,7.8
2016,Beau Allen,8858,DI,16,PHI,180,16,8,3,14,7.8
2016,Jonathan Bullard,10706,DI,14,CHI,128,13,6,0,10,7.8
2016,Taylor Hart,8776,DI,1,PHI,13,1,1,0,1,7.7
2016,Cameron Jordan,6176,ED,16,NO,337,33,8,4,26,7.7
2016,Benson Mayowa,8196,ED,13,DAL,130,13,2,0,10,7.7
2016,Tyler Matakevich,10880,LB,2,PIT,13,3,1,0,1,7.7
2016,Jamie Collins Sr.,7833,LB,15,CLV,364,45,13,9,28,7.7
2016,Mike Daniels,7132,DI,16,GB,246,20,5,3,19,7.7
2016,Justin Houston,6222,ED,5,KC,117,12,2,1,9,7.7
2016,DeShawn Williams,9891,DI,4,CIN,13,1,0,0,1,7.7
2016,Leon Orr,9984,DI,3,MIA,13,1,0,0,1,7.7
2016,Shaq Thompson,9458,LB,14,CAR,222,22,6,4,17,7.7
2016,Anthony Chickillo,9645,ED,11,PIT,105,10,1,0,8,7.6
2016,Dont'a Hightower,7030,LB,13,NE,236,25,6,6,18,7.6
2016,Cam Johnson,7221,ED,12,CLV,211,22,6,1,16,7.6
2016,Malcolm Smith,6394,LB,15,OAK,355,49,12,5,27,7.6
2016,Grady Jarrett,9570,DI,16,ATL,238,27,9,8,18,7.6
2016,Jonathan Babineaux,2276,DI,16,ATL,146,14,3,4,11,7.5
2016,Neiko Thorpe,7716,CB,4,SEA,40,5,0,1,3,7.5
2016,Brent Urban,8769,DI,16,BLT,67,6,0,1,5,7.5
2016,Nate Allen,5562,S,6,OAK,93,11,5,1,7,7.5
2016,Edwin Jackson,9800,LB,10,IND,202,25,5,2,15,7.4
2016,Arthur Jones,5680,DI,8,IND,163,19,9,1,12,7.4
2016,Muhammad Wilkerson,6182,ED,15,NYJ,365,32,5,6,27,7.4
2016,Demario Davis,7079,LB,16,CLV,380,52,18,7,28,7.4
2016,Kevin Pierre-Louis,8767,LB,4,SEA,27,2,1,0,2,7.4
2016,Audie Cole,7195,LB,4,MIN,27,3,1,1,2,7.4
2016,Myles Jack,10670,LB,14,JAX,136,16,3,1,10,7.4
2016,Dannell Ellerbe,5442,LB,9,NO,135,19,4,2,10,7.4
2016,Mario Addison,6558,ED,14,CAR,95,8,1,1,7,7.4
2016,Anthony Johnson,9109,DI,11,NYJ,55,4,5,0,4,7.3
2016,Ricardo Mathews,5761,DI,16,PIT,109,9,3,0,8,7.3
2016,Pernell McPhee,6317,ED,9,CHI,109,9,6,4,8,7.3
2016,Olivier Vernon,7074,ED,16,NYG,355,31,16,7,26,7.3
2016,Tony Jerod-Eddie,7432,DI,7,SF,41,4,0,0,3,7.3
2016,Malik Jackson,7647,DI,16,JAX,246,22,4,2,18,7.3
2016,David Parry,9584,DI,16,IND,314,36,8,3,23,7.3
2016,Nate Orchard,9484,ED,3,CLV,41,3,1,0,3,7.3
2016,Max Bullough,8919,LB,14,HST,124,12,3,0,9,7.3
2016,Denico Autry,8982,DI,16,OAK,247,20,4,3,18,7.3
2016,Kam Chancellor,5656,S,12,SEA,290,34,9,2,21,7.2
2016,Ricky Jean Francois,5168,DI,16,WAS,207,17,7,2,15,7.2
2016,Michael Johnson,4993,ED,16,CIN,291,27,5,6,21,7.2
2016,Dan Skuta,5349,ED,13,JAX,153,15,2,0,11,7.2
2016,Akeem Ayers,6191,ED,16,IND,125,12,0,2,9,7.2
2016,Ziggy Hood,4955,DI,16,WAS,265,26,7,2,19,7.2
2016,Frank Clark,9496,ED,15,SEA,237,23,6,2,17,7.2
2016,Daren Bates,8077,LB,6,OAK,14,2,1,0,1,7.1
2016,Jared Crick,7126,DI,16,DEN,396,37,15,1,28,7.1
2016,Corey Liuget,6170,DI,16,SD,308,25,5,3,22,7.1
2016,Chris Landrum,10992,ED,8,SD,28,2,1,2,2,7.1
2016,DaQuan Jones,8747,DI,16,TEN,212,19,3,2,15,7.1
2016,Will Clarke,8723,ED,16,CIN,113,10,2,3,8,7.1
2016,Jason Pierre-Paul,5540,ED,12,NYG,267,28,8,2,19,7.1
2016,Steven Means,7929,ED,5,PHI,14,1,0,0,1,7.1
2016,Eugene Sims,5712,ED,16,LA,211,18,0,2,15,7.1
2016,Johnathan Hankins,7830,DI,16,NYG,323,27,7,1,23,7.1
2016,Tahir Whitehead,7135,LB,15,DET,350,49,12,9,25,7.1
2016,Nick Dzubnar,10127,LB,2,SD,14,1,0,0,1,7.1
2016,Fletcher Cox,7018,DI,16,PHI,273,24,8,2,19,7
2016,Ezekiel Ansah,8094,ED,13,DET,158,17,9,0,11,7
2016,Chris Baker,5188,DI,16,WAS,286,30,12,3,20,7
2016,Perry Riley,5627,LB,11,OAK,242,27,5,1,17,7
2016,David Bass,8016,ED,12,TEN,71,6,1,0,5,7
2016,Michael Mauti,7995,ED,6,NO,29,3,0,0,2,6.9
2016,Deone Bucannon,8662,LB,13,ARZ,304,36,14,10,21,6.9
2016,Karl Klug,6294,DI,14,TEN,116,13,4,2,8,6.9
2016,Earl Mitchell,5605,DI,9,MIA,130,10,5,2,9,6.9
2016,John Timu,10011,LB,5,CHI,72,7,6,1,5,6.9
2016,Kamalei Correa,10676,ED,5,BLT,29,2,0,0,2,6.9
2016,Anthony Zettel,10836,ED,13,DET,102,12,2,0,7,6.9
2016,Margus Hunt,7834,ED,15,CIN,118,8,2,1,8,6.8
2016,Akeem Spence,7882,DI,16,TB,177,12,5,0,12,6.8
2016,Adrian Clayborn,6172,ED,13,ATL,132,11,1,3,9,6.8
2016,Elvis Dumervil,3071,ED,8,BLT,59,6,0,0,4,6.8
2016,Landon Collins,9466,S,16,NYG,385,43,10,7,26,6.8
2016,Brandon Mebane,3701,DI,10,SD,165,16,0,2,11,6.7
2016,D'Qwell Jackson,2979,LB,12,IND,268,37,11,6,18,6.7
2016,Deji Olatoye,9061,CB,4,ATL,15,1,0,0,1,6.7
2016,Gerald McCoy,5528,DI,15,TB,268,23,5,1,18,6.7
2016,Sean Spence,7087,LB,15,TEN,135,14,7,0,9,6.7
2016,Billy Winn,7190,DI,16,DEN,163,12,3,0,11,6.7
2016,K.J. Wright,6251,LB,16,SEA,416,47,17,3,28,6.7
2016,Deshazor Everett,9940,S,4,WAS,15,3,0,0,1,6.7
2016,Eric Murray,10740,S,9,KC,15,1,0,0,1,6.7
2016,De'Vondre Campbell,10749,LB,11,ATL,180,18,8,3,12,6.7
2016,Eric Weddle,3653,S,16,BLT,361,38,14,1,24,6.6
2016,Justin March-Lillard,10065,LB,5,KC,91,11,2,2,6,6.6
2016,Vince Wilfork,1742,DI,15,HST,243,19,5,1,16,6.6
2016,Kiko Alonso,7827,LB,15,MIA,396,53,9,7,26,6.6
2016,Matt Longacre,9910,ED,6,LA,61,4,2,1,4,6.6
2016,Johnathan Cyprien,7814,S,16,JAX,412,51,10,4,27,6.6
2016,Kyle Van Noy,8675,LB,14,NE,183,20,10,4,12,6.6
2016,Ra'Shede Hageman,8672,DI,12,ATL,121,13,7,1,8,6.6
2016,Rontez Miles,8102,S,14,NYJ,181,23,13,1,12,6.6
2016,Darron Lee,10654,LB,13,NYJ,257,23,9,2,17,6.6
2016,Brynden Trawick,8471,S,2,OAK,31,5,1,0,2,6.5
2016,Jonathan Casillas,5422,LB,16,NYG,308,31,8,2,20,6.5
2016,Harrison Smith,7641,S,14,MIN,321,43,5,6,21,6.5
2016,Kony Ealy,8695,ED,16,CAR,216,15,7,5,14,6.5
2016,A'Shawn Robinson,10680,DI,16,DET,186,18,12,1,12,6.5
2016,Bruce Irvin,7021,ED,16,OAK,339,32,3,3,22,6.5
2016,Clayton Geathers,9542,S,9,IND,184,23,5,1,12,6.5
2016,Mychal Kendricks,7049,LB,15,PHI,156,18,0,4,10,6.4
2016,John Simon,7911,ED,11,HST,202,17,6,3,13,6.4
2016,Ethan Westbrooks,8976,ED,16,LA,202,14,4,3,13,6.4
2016,Shamar Stephen,8854,DI,16,MIN,283,25,10,3,18,6.4
2016,Chris Jones,10671,DI,16,KC,205,16,6,2,13,6.3
2016,Tyrone Crawford,7083,ED,14,DAL,192,14,4,3,12,6.3
2016,Will Compton,8308,LB,15,WAS,351,36,14,8,22,6.3
2016,Geno Atkins,5643,DI,16,CIN,254,19,5,5,16,6.3
2016,Trent Murphy,8682,ED,16,WAS,237,21,9,5,15,6.3
2016,Keenan Robinson,7119,LB,16,NYG,208,20,6,2,13,6.3
2016,Jahleel Addae,8117,S,8,SD,189,20,4,3,12,6.3
2016,Lawrence Thomas,11265,DI,3,NYJ,16,1,1,0,1,6.3
2016,Quinton Dial,7939,DI,14,SF,284,26,12,3,18,6.3
2016,Kentrell Brice,11142,S,10,GB,48,6,0,1,3,6.3
2016,Kevin Byard,10698,S,16,TEN,190,21,2,5,12,6.3
2016,Nigel Bradham,7105,LB,16,PHI,364,33,14,3,23,6.3
2016,Tom Johnson,3378,DI,14,MIN,113,10,6,2,7,6.2
2016,Everson Griffen,5624,ED,16,MIN,308,28,2,8,19,6.2
2016,Darius Philon,9625,DI,14,SD,97,8,1,0,6,6.2
2016,Brandon Marshall,7648,LB,11,DEN,258,28,13,1,16,6.2
2016,Jordan Hicks,9517,LB,16,PHI,355,36,8,3,22,6.2
2016,Vinny Curry,7061,ED,16,PHI,130,14,4,3,8,6.2
2016,Tavon Wilson,7051,S,15,DET,291,32,9,2,18,6.2
2016,Ronald Blair III,10776,DI,15,SF,82,8,1,1,5,6.1
2016,Jarran Reed,10683,DI,15,SEA,230,20,7,1,14,6.1
2016,Aaron Lynch,8785,ED,7,SF,98,6,2,4,6,6.1
2016,Cameron Heyward,6183,DI,7,PIT,115,9,3,0,7,6.1
2016,David Harris,3663,LB,15,NYJ,361,37,13,4,22,6.1
2016,Whitney Mercilus,7031,ED,15,HST,311,30,5,4,19,6.1
2016,Reshad Jones,5686,S,6,MIA,184,22,4,2,11,6
2016,Darius Kilgo,9636,DI,9,NE,50,4,0,1,3,6
2016,Chad Greenway,2962,LB,16,MIN,216,15,8,4,13,6
2016,Jatavis Brown,10809,LB,11,SD,201,23,3,3,12,6
2016,Kerry Hyder,9045,ED,16,DET,218,17,7,2,13,6
2016,Carl Nassib,10699,ED,14,CLV,168,13,2,2,10,6
2016,Marcus Smith,8661,ED,16,PHI,84,6,4,2,5,6
2016,Ryan Delaire,9939,ED,6,CAR,50,3,0,2,3,6
2016,Adam Gotsis,10697,DI,16,DEN,116,12,4,0,7,6
2016,Thomas Davis Sr.,2231,LB,16,CAR,319,31,9,3,19,6
2016,Spencer Paysinger,6419,LB,10,MIA,102,13,3,5,6,5.9
2016,Daimion Stafford,8031,S,15,TEN,204,20,1,1,12,5.9
2016,DeForest Buckner,10641,DI,15,SF,460,44,18,4,27,5.9
2016,Robert McClain,5771,CB,12,SD,101,10,1,3,6,5.9
2016,Damien Wilson,9560,LB,11,DAL,102,13,1,1,6,5.9
2016,L.J. Fort,7292,LB,2,PIT,17,1,1,0,1,5.9
2016,Vernon Butler,10664,DI,10,CAR,85,6,2,0,5,5.9
2016,Devon Still,7056,DI,3,HST,17,2,0,0,1,5.9
2016,Philip Wheeler,4407,LB,16,ATL,152,14,4,1,9,5.9
2016,Joe Schobert,10733,ED,12,CLV,118,10,1,5,7,5.9
2016,Michael Brockers,7020,DI,14,LA,186,12,10,0,11,5.9
2016,Jonathan Jones,11217,CB,5,NE,17,2,0,0,1,5.9
2016,Tamba Hali,2965,ED,16,KC,170,17,6,0,10,5.9
2016,Haloti Ngata,2957,DI,13,DET,169,10,3,0,10,5.9
2016,Terrell Suggs,1326,ED,15,BLT,221,15,5,2,13,5.9
2016,Bruce Carter,6192,LB,5,NYJ,52,3,4,0,3,5.8
2016,Martrell Spaight,9574,LB,3,WAS,52,7,0,1,3,5.8
2016,Kemal Ishmael,8026,S,9,ATL,104,11,9,1,6,5.8
2016,Adolphus Washington,10714,DI,15,BUF,172,11,2,1,10,5.8
2016,Stefan Charles,8387,DI,12,DET,104,9,4,2,6,5.8
2016,Tyrunn Walker,7459,DI,15,DET,154,16,3,1,9,5.8
2016,Julius Warmsley,8993,DI,5,MIA,52,4,2,1,3,5.8
2016,Keith Tandy,7166,S,13,TB,157,24,5,2,9,5.7
2016,Corey Peters,5607,DI,15,ARZ,227,18,3,1,13,5.7
2016,Sheldon Rankins,10646,DI,9,NO,88,6,5,0,5,5.7
2016,Domata Peko Sr.,3068,DI,16,CIN,282,21,9,3,16,5.7
2016,Duke Ihenacho,7297,S,13,WAS,234,30,6,10,13,5.6
2016,Kenny Vaccaro,7796,S,11,NO,250,17,5,2,14,5.6
2016,Charles Johnson,3699,ED,13,CAR,177,11,4,3,10,5.6
2016,Jabaal Sheard,6189,ED,15,NE,177,14,3,3,10,5.6
2016,Zack Sanchez,10775,CB,3,CAR,18,1,1,0,1,5.6
2016,Armonty Bryant,7999,ED,5,DET,18,1,0,0,1,5.6
2016,Sen'Derrick Marks,4985,DI,16,JAX,178,11,0,1,10,5.6
2016,Erin Henderson,4656,LB,5,NYJ,72,8,2,2,4,5.6
2016,Denzel Rice,9784,CB,1,HST,18,4,1,2,1,5.6
2016,Deiondre' Hall,10761,CB,4,CHI,36,2,1,1,2,5.6
2016,Chandler Jones,7027,ED,16,ARZ,326,24,5,3,18,5.5
2016,Andre Branch,7042,ED,16,MIA,273,19,8,3,15,5.5
2016,Tenny Palepoi,9028,DI,13,SD,128,9,2,1,7,5.5
2016,Anthony Barr,8644,LB,16,MIN,382,30,10,3,21,5.5
2016,Lamarcus Joyner,8676,CB,14,LA,200,20,1,2,11,5.5
2016,Cory Littleton,11190,LB,8,LA,73,6,1,3,4,5.5
2016,Mario Williams,2946,ED,13,MIA,182,11,1,2,10,5.5
2016,Melvin Ingram III,7024,ED,16,SD,355,28,6,8,19,5.4
2016,Josh McNary,8073,LB,9,IND,74,10,2,1,4,5.4
2016,Emmanuel Ogbah,10666,ED,16,CLV,315,25,7,1,17,5.4
2016,Rodney Gunter,9549,DI,16,ARZ,111,8,4,1,6,5.4
2016,Christian Covington,9649,DI,16,HST,188,14,7,3,10,5.3
2016,Matthias Farley,10953,S,2,IND,19,1,0,1,1,5.3
2016,Ahtyba Rubin,4504,DI,16,SEA,285,23,5,1,15,5.3
2016,Kendall Reyes,7052,DI,11,KC,113,15,1,0,6,5.3
2016,Xavier Cooper,9529,DI,13,CLV,152,14,2,0,8,5.3
2016,D.J. Reader,10800,DI,16,HST,206,12,11,0,11,5.3
2016,Ryan Kerrigan,6168,ED,16,WAS,281,16,3,0,15,5.3
2016,Kyle Wilber,7113,LB,7,DAL,19,1,0,0,1,5.3
2016,Preston Smith,9471,ED,16,WAS,302,19,6,2,16,5.3
2016,Jarrod Wilson,10902,S,8,JAX,19,1,1,0,1,5.3
2016,Paul Kruger,4980,ED,15,NO,228,17,6,1,12,5.3
2016,Josh Bynes,6503,LB,9,DET,152,15,6,5,8,5.3
2016,Clinton McDonald,5173,DI,12,TB,209,17,5,3,11,5.3
2016,Lerentee McCray,8159,ED,9,BUF,58,4,2,1,3,5.2
2016,Robert Mathis,1447,ED,14,IND,155,11,2,4,8,5.2
2016,Kevin Dodd,10667,ED,9,TEN,58,3,0,0,3,5.2
2016,Kurt Coleman,5767,S,15,CAR,327,33,12,4,17,5.2
2016,Frank Zombo,5945,ED,16,KC,231,21,2,3,12,5.2
2016,L.T. Walton,9632,DI,9,PIT,97,6,1,0,5,5.2
2016,Albert McClellan,6022,ED,16,BLT,230,22,2,1,12,5.2
2016,Hassan Ridgeway,10750,DI,16,IND,211,13,6,0,11,5.2
2016,Roman Harper,2988,S,11,NO,97,12,1,2,5,5.2
2016,Jamie Meder,8940,DI,16,CLV,367,30,12,0,19,5.2
2016,Ahmad Brooks,2945,ED,16,SF,415,28,12,6,21,5.1
2016,David Onyemata,10754,DI,16,NO,157,10,8,3,8,5.1
2016,Josh Forrest,10824,LB,9,LA,59,5,3,1,3,5.1
2016,Dee Ford,8658,ED,15,KC,275,17,3,2,14,5.1
2016,Bud Dupree,9455,ED,7,PIT,118,8,2,0,6,5.1
2016,Tyson Alualu,5535,DI,14,JAX,277,20,8,3,14,5.1
2016,Dean Lowry,10771,DI,14,GB,59,5,2,1,3,5.1
2016,Anthony Harris,9895,S,6,MIN,117,18,4,0,6,5.1
2016,Kasim Edebali,9011,ED,16,NO,80,5,3,2,4,5
2016,Cameron Wake,4907,ED,16,MIA,161,11,3,2,8,5
2016,Donald Butler,5603,LB,14,MIA,199,14,8,3,10,5
2016,Julius Peppers,1010,ED,16,GB,161,10,2,2,8,5
2016,D.J. Swearinger Sr.,7838,S,16,ARZ,298,27,5,6,15,5
2016,Bradley McDougald,8220,S,16,TB,380,44,6,7,19,5
2016,Corey Nelson,8876,LB,16,DEN,221,26,11,3,11,5
2016,Shane Ray,9456,ED,16,DEN,268,23,4,5,13,4.9
2016,Dan Williams,5551,DI,16,OAK,164,11,5,0,8,4.9
2016,Antwione Williams,10803,LB,11,DET,103,10,2,3,5,4.9
2016,Mike Hull,9815,LB,4,MIA,41,6,0,0,2,4.9
2016,Michael Morgan,6623,LB,9,SEA,81,4,0,0,4,4.9
2016,Christian Jones,9020,ED,5,CHI,41,2,0,0,2,4.9
2016,Glenn Dorsey,4319,DI,12,SF,224,18,7,4,11,4.9
2016,Kedric Golston,3141,DI,1,WAS,21,2,1,0,1,4.8
2016,Delvin Breaux,10251,CB,6,NO,105,5,0,1,5,4.8
2016,Jihad Ward,10678,DI,16,OAK,227,16,6,1,11,4.8
2016,Eli Harold,9512,ED,16,SF,336,19,5,7,16,4.8
2016,Lavonte David,7060,LB,16,TB,399,30,10,6,19,4.8
2016,Terrence Fede,8868,ED,9,MIA,84,6,3,1,4,4.8
2016,Darian Thompson,10705,S,2,NYG,21,1,0,1,1,4.8
2016,Kyle Love,5806,DI,10,CAR,83,7,4,3,4,4.8
2016,Brooks Reed,6194,ED,15,ATL,166,12,4,2,8,4.8
2016,Nick Williams,8006,DI,10,MIA,43,7,0,0,2,4.7
2016,Allen Bailey,6238,DI,5,KC,85,5,2,0,4,4.7
2016,Kelcie McCray,7396,S,7,SEA,130,10,7,2,6,4.6
2016,Daryl Smith,1760,LB,16,TB,237,14,5,2,11,4.6
2016,Rey Maualuga,4961,LB,14,CIN,175,13,7,6,8,4.6
2016,Dwight Freeney,1019,ED,14,ATL,65,3,1,1,3,4.6
2016,Chris Long,4316,ED,16,NE,196,15,6,2,9,4.6
2016,Leonard Floyd,10643,ED,12,CHI,197,13,7,2,9,4.6
2016,Kevin Minter,7826,LB,16,ARZ,391,29,14,10,18,4.6
2016,Malcolm Jenkins,4937,S,16,PHI,368,28,3,5,17,4.6
2016,Vonn Bell,10695,S,15,NO,303,30,5,0,14,4.6
2016,Za'Darius Smith,9555,ED,13,BLT,175,10,7,2,8,4.6
2016,Antonio Smith,1856,DI,13,HST,44,3,1,0,2,4.5
2016,Destiny Vaeao,11083,DI,16,PHI,111,8,0,1,5,4.5
2016,Maliek Collins,10701,DI,16,DAL,224,11,3,3,10,4.5
2016,Freddie Bishop,10338,ED,4,NYJ,89,7,2,2,4,4.5
2016,Rafael Bush,5779,S,16,DET,134,14,4,2,6,4.5
2016,Cliff Avril,4406,ED,16,SEA,308,15,5,6,14,4.5
2016,Mike Jordan,11189,CB,4,LA,67,4,0,0,3,4.5
2016,Frostee Rucker,3036,DI,13,ARZ,134,8,3,2,6,4.5
2016,Connor Barwin,4969,ED,16,PHI,246,13,5,1,11,4.5
2016,Joshua Perry,10736,LB,8,SD,67,6,0,0,3,4.5
2016,Quandre Diggs,9633,CB,12,DET,111,6,1,3,5,4.5
2016,Khyri Thornton,8720,DI,13,DET,137,11,2,0,6,4.4
2016,Keith Reaser,8805,CB,14,SF,113,6,1,1,5,4.4
2016,Tyeler Davison,9587,DI,15,NO,205,11,6,1,9,4.4
2016,Cornelius Washington,7969,DI,15,CHI,114,8,5,0,5,4.4
2016,Darius Latham,11356,DI,14,OAK,137,8,4,1,6,4.4
2016,Willie Young,5736,ED,16,CHI,272,15,14,4,12,4.4
2016,Jack Crawford,7151,ED,16,DAL,183,15,3,4,8,4.4
2016,Daniel Sorensen,9253,S,16,KC,113,19,4,2,5,4.4
2016,Jay Bromley,8709,DI,15,NYG,90,6,1,1,4,4.4
2016,Carlos Dunlap,5579,ED,16,CIN,272,21,7,4,12,4.4
2016,Morgan Burnett,5596,S,15,GB,325,31,4,4,14,4.3
2016,Vic Beasley Jr.,9441,ED,16,ATL,163,10,5,4,7,4.3
2016,Johnny Maxey,10888,DI,2,PIT,23,1,0,1,1,4.3
2016,Robert Golden,7303,S,12,PIT,139,12,1,2,6,4.3
2016,Cam Thomas,5669,DI,16,LA,186,10,7,1,8,4.3
2016,Erik Walden,4481,ED,16,IND,281,20,2,4,12,4.3
2016,Da'Norris Searcy,6252,S,14,TEN,161,15,1,3,7,4.3
2016,Sean Davis,10692,S,13,PIT,233,26,3,10,10,4.3
2016,Justin Simmons,10732,S,11,DEN,72,5,2,0,3,4.2
2016,Derrick Morgan,5541,ED,15,TEN,237,11,10,1,10,4.2
2016,Arik Armstead,9450,DI,8,SF,142,8,1,2,6,4.2
2016,Owa Odighizuwa,9507,ED,9,NYG,24,1,0,0,1,4.2
2016,Cassius Marsh,8743,ED,14,SEA,96,7,1,2,4,4.2
2016,Brian Orakpo,4936,ED,16,TEN,261,16,7,1,11,4.2
2016,Tank Carradine,7821,ED,12,SF,120,7,3,0,5,4.2
2016,Tourek Williams,7960,ED,12,SD,48,2,2,1,2,4.2
2016,Will Parks,10853,S,12,DEN,48,4,1,1,2,4.2
2016,Corbin Bryant,6825,DI,8,BUF,119,7,2,2,5,4.2
2016,Jordan Jenkins,10717,ED,14,NYJ,261,16,8,3,11,4.2
2016,Shawn Williams,7865,S,15,CIN,332,37,6,10,14,4.2
2016,Kayvon Webster,7871,CB,9,DEN,24,1,0,1,1,4.2
2016,Xavier Williams,9809,DI,8,ARZ,48,3,2,0,2,4.2
2016,Justin Durant,3664,LB,11,DAL,72,5,8,1,3,4.2
2016,Javon Hargrave,10723,DI,15,PIT,194,14,9,1,8,4.1
2016,Robert Blanton,7136,S,9,BUF,74,6,1,1,3,4.1
2016,Tre Boston,8763,S,15,CAR,243,19,0,3,10,4.1
2016,Antoine Bethea,3152,S,16,SF,504,49,10,3,20,4
2016,Calvin Pryor,8653,S,15,NYJ,301,20,9,9,12,4
2016,Ben Heeney,9573,LB,3,OAK,50,6,1,2,2,4
2016,Dontari Poe,7017,DI,16,KC,297,18,7,3,12,4
2016,Kenneth Acker,8815,CB,5,KC,51,4,0,1,2,3.9
2016,Rob Ninkovich,3080,ED,12,NE,155,10,9,5,6,3.9
2016,Sam Acho,6255,ED,16,CHI,206,13,5,4,8,3.9
2016,Dashaun Phillips,9198,CB,4,WAS,51,2,0,0,2,3.9
2016,Mike Pennel,9316,DI,8,GB,51,2,2,0,2,3.9
2016,Tyrone Holmes,10815,ED,8,CLV,26,2,0,0,1,3.8
2016,Byron Jones,9460,S,16,DAL,289,26,4,5,11,3.8
2016,Julian Stanford,7372,LB,5,NYJ,78,7,4,1,3,3.8
2016,Sam Shields,5943,CB,1,GB,26,2,0,0,1,3.8
2016,Clay Matthews,4949,ED,12,GB,156,10,3,2,6,3.8
2016,Isa Abdul-Quddus,6722,S,15,MIA,355,28,9,6,13,3.7
2016,Jerry Hughes,5556,ED,16,BUF,326,20,9,8,12,3.7
2016,Valentino Blake,7362,CB,9,TEN,82,4,1,1,3,3.7
2016,Brian Robison,3718,ED,16,MIN,299,14,4,6,11,3.7
2016,Michael Wilhoite,6989,LB,14,SF,243,23,4,1,9,3.7
2016,Garrison Smith,9310,DI,3,SEA,27,2,3,0,1,3.7
2016,Quintin Demps,4431,S,13,HST,248,24,4,2,9,3.6
2016,T.J. Ward,5563,S,14,DEN,390,30,11,8,14,3.6
2016,P.J. Williams,9511,CB,2,NO,28,2,0,0,1,3.6
2016,Charles James II,8120,CB,8,IND,55,3,1,0,2,3.6
2016,Chris Smith,8794,ED,5,JAX,28,2,0,0,1,3.6
2016,Matthew Judon,10780,ED,14,BLT,111,7,7,2,4,3.6
2016,Yannick Ngakoue,10703,ED,16,JAX,202,8,0,2,7,3.5
2016,Angelo Blackson,9533,DI,13,TEN,85,4,4,1,3,3.5
2016,Trevor Williams,11004,CB,9,SD,144,7,0,1,5,3.5
2016,Jaylen Watkins,8736,S,13,PHI,114,9,3,1,4,3.5
2016,Stephen Paea,6205,DI,13,CLV,172,8,3,3,6,3.5
2016,Corey Graham,3784,S,16,BUF,435,35,7,9,15,3.4
2016,Bacarri Rambo,7972,S,9,MIA,146,14,2,4,5,3.4
2016,De'Vante Bausby,10057,CB,4,CHI,29,1,0,0,1,3.4
2016,Sylvester Williams,7809,DI,16,DEN,326,19,9,3,11,3.4
2016,DeShawn Shead,7450,CB,15,SEA,352,19,4,1,12,3.4
2016,Adrian Amos,9575,S,15,CHI,354,23,8,3,12,3.4
2016,Donte Whitner,2953,S,10,WAS,203,24,8,2,7,3.4
2016,Sealver Siliga,6483,DI,10,TB,88,5,2,0,3,3.4
2016,Karl Joseph,10648,S,10,OAK,205,29,5,2,7,3.4
2016,Briean Boddy-Calhoun,10903,CB,13,CLV,207,11,2,3,7,3.4
2016,James Ihedigbo,4147,S,4,BUF,88,9,0,2,3,3.4
2016,Robert Thomas,9022,DI,7,NYG,30,2,2,0,1,3.3
2016,Justin Bethel,7654,CB,6,ARZ,92,5,1,2,3,3.3
2016,Joel Heath,11162,DI,12,HST,120,4,1,0,4,3.3
2016,Barry Church,5924,S,12,DAL,211,26,11,1,7,3.3
2016,T.J. McDonald,7852,S,16,LA,391,24,6,5,13,3.3
2016,Noah Spence,10673,ED,16,TB,151,10,3,2,5,3.3
2016,Eric Berry,5530,S,16,KC,398,33,6,4,13,3.3
2016,Ron Brooks,7124,CB,6,PHI,60,6,0,2,2,3.3
2016,Shaq Lawson,10653,ED,9,BUF,90,3,3,0,3,3.3
2016,Kelvin Sheppard,6220,LB,16,NYG,244,17,9,3,8,3.3
2016,C.J. Goodwin,9243,CB,8,ATL,30,2,0,0,1,3.3
2016,Ed Reynolds Jr.,8797,S,8,CLV,219,21,4,2,7,3.2
2016,A.J. Klein,7930,LB,12,CAR,154,8,4,2,5,3.2
2016,Sean Weatherspoon,5544,LB,4,ATL,63,10,1,3,2,3.2
2016,Nat Berhe,8787,S,7,NYG,62,6,1,0,2,3.2
2016,Corey Moore,10117,S,11,HST,157,12,1,2,5,3.2
2016,David Bruton,5037,S,4,WAS,96,11,0,4,3,3.1
2016,Wes Horton,8484,ED,11,CAR,127,6,3,0,4,3.1
2016,DaVonte Lambert,10937,ED,11,TB,194,12,3,2,6,3.1
2016,John Jenkins,7863,DI,9,SEA,98,7,1,1,3,3.1
2016,Rodney McLeod,7271,S,16,PHI,364,33,3,8,11,3
2016,Jordan Phillips,9485,DI,16,MIA,269,9,8,4,8,3
2016,Jayron Kearse,10878,S,4,MIN,33,2,0,1,1,3
2016,Ryan Russell,9596,ED,8,TB,33,2,0,0,1,3
2016,DeAndre Coleman,9157,DI,4,BUF,33,1,1,1,1,3
2016,Akeem Dent,6243,LB,9,HST,67,2,1,0,2,3
2016,Arthur Moats,5701,ED,14,PIT,134,5,1,0,4,3
2016,Dominique Rodgers-Cromartie,4330,CB,15,NYG,197,9,0,1,6,3
2016,Harold Jones-Quartey,10055,S,15,CHI,272,18,12,5,8,2.9
2016,Robert Quinn,6166,ED,8,LA,102,4,1,0,3,2.9
2016,Shea McClellin,7025,ED,14,NE,137,7,7,3,4,2.9
2016,Brandon Flowers,4349,CB,6,SD,102,5,0,0,3,2.9
2016,Damion Square,8042,DI,11,SD,173,6,3,4,5,2.9
2016,Mike Catapano,7989,ED,10,NYJ,70,3,1,0,2,2.9
2016,Stephen Tulloch,3061,LB,11,PHI,34,1,0,0,1,2.9
2016,Rashad Johnson,5018,S,14,TEN,172,14,1,3,5,2.9
2016,Devin Taylor,7914,ED,16,DET,204,15,1,3,6,2.9
2016,J.J. Wilcox,7861,S,13,DAL,137,16,3,2,4,2.9
2016,Cyrus Jones,10694,CB,8,NE,34,2,0,0,1,2.9
2016,Alex Okafor,7885,ED,13,ARZ,36,3,1,0,1,2.8
2016,Jude Adjei-Barimah,10298,CB,8,TB,72,4,0,2,2,2.8
2016,Trovon Reed,10294,CB,4,SD,36,1,0,1,1,2.8
2016,Michael Thomas,7279,S,16,MIA,217,17,2,5,6,2.8
2016,Jaquiski Tartt,9479,S,14,SF,252,18,7,4,7,2.8
2016,Demetri Goodson,8832,CB,5,GB,71,3,0,1,2,2.8
2016,Davon House,6283,CB,13,JAX,106,6,0,0,3,2.8
2016,Jacoby Glenn,10003,CB,7,CHI,107,6,2,0,3,2.8
2016,Troy Hill,9881,CB,9,LA,108,5,1,2,3,2.8
2016,DeAngelo Hall,1729,S,3,WAS,73,5,0,1,2,2.7
2016,Jonathan Freeny,6633,LB,4,NE,37,3,1,0,1,2.7
2016,Jeremy Lane,7164,CB,16,SEA,263,10,2,2,7,2.7
2016,Patrick Chung,4957,S,16,NE,332,28,5,3,9,2.7
2016,Josh Shaw,9553,CB,16,CIN,188,8,3,2,5,2.7
2016,Jeremiah Attaochu,8685,ED,8,SD,37,3,0,0,1,2.7
2016,Shilique Calhoun,10709,ED,10,OAK,75,4,1,1,2,2.7
2016,Logan Ryan,7864,CB,16,NE,274,13,6,3,7,2.6
2016,Ibraheim Campbell,9548,S,10,CLV,190,14,6,4,5,2.6
2016,Bradley Roby,8666,CB,16,DEN,193,8,1,2,5,2.6
2016,Keanu Neal,10651,S,14,ATL,273,25,5,2,7,2.6
2016,Anthony Levine,6013,S,9,BLT,38,2,1,0,1,2.6
2016,Darian Stewart,5820,S,16,DEN,433,30,9,8,11,2.5
2016,Eric Rowe,9480,CB,9,NE,161,7,0,1,4,2.5
2016,Derrick Kindred,10763,S,12,CLV,236,19,4,7,6,2.5
2016,Tyson Jackson,4926,DI,16,ATL,160,9,2,2,4,2.5
2016,Richard Sherman,6306,CB,16,SEA,408,17,0,4,10,2.5
2016,Ryan Davis Sr.,7365,ED,8,DAL,41,2,1,0,1,2.4
2016,Kendall Fuller,10718,CB,11,WAS,124,5,1,1,3,2.4
2016,Harlan Miller,10839,CB,2,ARZ,44,1,0,0,1,2.3
2016,Ha Ha Clinton-Dix,8656,S,16,GB,353,33,7,0,8,2.3
2016,Darqueze Dennard,8659,CB,13,CIN,86,7,0,0,2,2.3
2016,T.J. Carrie,8853,CB,11,OAK,88,4,1,2,2,2.3
2016,Casey Hayward Jr.,7064,CB,16,SD,347,11,1,2,8,2.3
2016,Channing Ward,10943,ED,5,TB,44,3,1,0,1,2.3
2016,Glover Quin,5035,S,16,DET,370,28,5,3,8,2.2
2016,Trevin Wade,7227,CB,12,NYG,91,2,0,0,2,2.2
2016,Eric Reid,7799,S,10,SF,324,24,4,3,7,2.2
2016,Jordan Poyer,8000,S,6,CLV,138,10,5,0,3,2.2
2016,Craig Mager,9516,CB,8,SD,134,7,2,0,3,2.2
2016,Jalen Ramsey,10639,CB,16,JAX,407,17,1,4,9,2.2
2016,Jalen Mills,10867,CB,16,PHI,223,12,2,2,5,2.2
2016,Phillip Gaines,8722,CB,11,KC,141,8,0,1,3,2.1
2016,T.J. Green,10691,S,15,IND,141,9,1,2,3,2.1
2016,Devin McCourty,5552,S,16,NE,332,31,5,2,7,2.1
2016,Shareece Wright,6241,CB,12,BLT,239,9,2,3,5,2.1
2016,DeMarcus Ware,2228,ED,9,DEN,94,5,5,2,2,2.1
2016,Bashaud Breeland,8737,CB,14,WAS,288,15,5,4,6,2.1
2016,Curt Maggitt,10911,ED,8,IND,50,2,0,1,1,2
2016,Byron Maxwell,6325,CB,13,MIA,301,8,3,4,6,2
2016,Brian Poole,11052,CB,16,ATL,198,10,5,1,4,2
2016,Darryl Morris,8456,CB,9,IND,101,8,0,0,2,2
2016,Xavier Rhodes,7806,CB,14,MIN,301,12,2,1,6,2
2016,Javien Elliott,11418,CB,5,TB,49,2,0,1,1,2
2016,Robert Nelson,8989,CB,7,HST,50,1,0,1,1,2
2016,T.Y. McGill,10156,DI,12,IND,52,1,2,1,1,1.9
2016,Micah Hyde,7941,CB,16,GB,259,8,5,2,5,1.9
2016,Brandon Spikes,5587,ED,10,BUF,55,4,3,1,1,1.8
2016,Rashaan Melvin,8334,CB,14,IND,227,15,2,3,4,1.8
2016,Daryl Worley,10711,CB,15,CAR,271,18,7,3,5,1.8
2016,E.J. Gaines,8823,CB,11,LA,217,9,1,4,4,1.8
2016,Star Lotulelei,7795,DI,16,CAR,230,6,6,0,4,1.7
2016,Cre'Von LeBlanc,11218,CB,13,CHI,230,13,4,4,4,1.7
2016,Tramon Williams,3558,CB,12,CLV,238,6,3,0,4,1.7
2016,Ronald Darby,9483,CB,14,BUF,344,18,4,1,6,1.7
2016,Ron Parker,6625,S,16,KC,401,20,9,4,7,1.7
2016,Terence Newman,1321,CB,15,MIN,288,7,0,1,5,1.7
2016,Chris Prosinski,6273,S,11,CHI,58,5,2,0,1,1.7
2016,Adrian Phillips,9177,S,14,SD,180,12,3,0,3,1.7
2016,Kareem Jackson,5545,CB,14,HST,234,13,2,5,4,1.7
2016,Joe Haden,5532,CB,13,CLV,360,11,3,2,6,1.7
2016,Andrew Sendejo,6118,S,14,MIN,292,14,10,3,5,1.7
2016,Jairus Byrd,4965,S,16,NO,310,13,9,2,5,1.6
2016,Dexter McCoil,10341,S,7,SD,62,4,1,2,1,1.6
2016,William Gay,3786,CB,16,PIT,249,10,4,4,4,1.6
2016,J.J. Watt,6163,DI,3,HST,61,1,0,0,1,1.6
2016,Orlando Scandrick,4457,CB,12,DAL,191,5,0,0,3,1.6
2016,Trae Waynes,9444,CB,15,MIN,188,9,1,0,3,1.6
2016,Patrick Peterson,6157,CB,16,ARZ,375,9,4,1,6,1.6
2016,Morris Claiborne,7012,CB,7,DAL,122,5,0,2,2,1.6
2016,Tramaine Brock Sr.,5903,CB,16,SF,499,20,3,5,8,1.6
2016,Josh Norman,7649,CB,16,WAS,398,10,3,1,6,1.5
2016,Brock Coyle,8929,LB,5,SEA,67,2,3,0,1,1.5
2016,Malcolm Butler,9040,CB,16,NE,325,7,3,4,5,1.5
2016,James Bradberry,10696,CB,13,CAR,272,14,1,2,4,1.5
2016,Maurice Alexander,8745,S,14,LA,323,13,3,6,5,1.5
2016,Vernon Hargreaves III,10645,CB,16,TB,392,19,3,1,6,1.5
2016,Mike Mitchell,4970,S,16,PIT,332,23,8,1,5,1.5
2016,Corey White,7652,CB,10,BUF,141,5,3,4,2,1.4
2016,Sean Smith,4984,CB,15,OAK,350,8,4,3,5,1.4
2016,Alterraun Verner,5628,CB,8,TB,74,3,0,1,1,1.4
2016,Mike Adams,1972,S,15,IND,368,28,5,4,5,1.4
2016,Demontre Hurst,8359,S,8,CHI,73,3,0,1,1,1.4
2016,Dwight Lowery,4427,S,16,SD,355,16,3,5,5,1.4
2016,Steven Nelson,9531,CB,15,KC,351,15,1,3,5,1.4
2016,Jerraud Powers,5015,CB,13,BLT,148,3,2,1,2,1.4
2016,Andre Hal,8850,S,15,HST,276,16,6,4,4,1.4
2016,Brandon Copeland,8378,LB,13,DET,74,5,2,2,1,1.4
2016,Jamar Taylor,7835,CB,15,CLV,377,9,1,4,5,1.3
2016,Darryl Roberts,9680,CB,8,NYJ,78,6,0,0,1,1.3
2016,Bobby McCain,9578,CB,16,MIA,149,9,1,1,2,1.3
2016,Tony Lippett,9589,CB,13,MIA,316,15,3,2,4,1.3
2016,Eli Apple,10644,CB,14,NYG,237,9,5,3,3,1.3
2016,Aaron Colvin,8749,CB,9,JAX,79,2,1,1,1,1.3
2016,Buster Skrine,6289,CB,14,NYJ,311,8,0,3,4,1.3
2016,Brent Grimes,3589,CB,16,TB,378,16,0,1,5,1.3
2016,Lardarius Webb,5011,S,16,BLT,336,16,4,4,4,1.2
2016,Aqib Talib,4334,CB,13,DEN,343,6,6,1,4,1.2
2016,James Laurinaitis,4958,LB,3,NO,84,6,2,0,1,1.2
2016,Leon Hall,3634,CB,11,NYG,86,5,1,1,1,1.2
2016,Captain Munnerlyn,5140,CB,15,MIN,173,8,5,1,2,1.2
2016,Tavon Young,10738,CB,14,BLT,260,6,2,2,3,1.2
2016,Tyvon Branch,4414,CB,6,ARZ,86,8,1,1,1,1.2
2016,Leonard Johnson,7385,CB,10,CAR,85,3,2,5,1,1.2
2016,Greg Toler,5055,CB,9,WAS,93,4,1,2,1,1.1
2016,Adam Jones,2223,CB,16,CIN,375,12,1,2,4,1.1
2016,David Amerson,7832,CB,15,OAK,364,12,0,4,4,1.1
2016,Darrelle Revis,3630,CB,15,NYJ,369,5,3,3,4,1.1
2016,Perrish Cox,5660,CB,11,TEN,183,2,1,2,2,1.1
2016,Jimmie Ward,8665,CB,11,SF,280,11,3,1,3,1.1
2016,Kevon Seymour,10852,CB,14,BUF,95,3,0,1,1,1.1
2016,George Iloka,7159,S,16,CIN,376,23,7,6,4,1.1
2016,Desmond Trufant,7803,CB,9,ATL,177,5,0,0,2,1.1
2016,Nickell Robey-Coleman,8483,CB,16,BUF,176,5,0,2,2,1.1
2016,Jimmy Smith,6179,CB,11,BLT,194,2,2,0,2,1
2016,Stephon Gilmore,7016,CB,15,BUF,389,11,1,3,4,1
2016,Marcus Gilchrist,6202,S,13,NYJ,303,22,2,3,3,1
2016,Reggie Nelson,3637,S,16,OAK,400,23,4,2,4,1
2016,Kevin Johnson,9449,CB,6,HST,102,1,3,1,1,1
2016,Chris Harris Jr.,6457,CB,16,DEN,420,15,3,2,4,1
2016,Leodis McKelvin,4325,CB,13,PHI,209,9,3,2,2,1
2016,Vontae Davis,4948,CB,14,IND,286,3,0,4,3,1
2016,Brice McCain,5112,CB,16,TEN,198,4,2,2,2,1
2016,Prince Amukamara,6171,CB,14,JAX,321,11,3,0,3,0.9
2016,Rashard Robinson,10767,CB,14,SF,230,5,3,5,2,0.9
2016,Ross Cockrell,8744,CB,16,PIT,337,9,2,2,3,0.9
2016,A.J. Bouye,8110,CB,15,HST,228,9,2,1,2,0.9
2016,Dre Kirkpatrick,7023,CB,15,CIN,338,9,3,5,3,0.9
2016,Johnathan Joseph,2969,CB,13,HST,212,9,1,1,2,0.9
2016,D.J. Hayden,7793,CB,11,OAK,132,5,0,0,1,0.8
2016,Jason McCourty,5127,CB,14,TEN,241,5,2,0,2,0.8
2016,Artie Burns,10659,CB,16,PIT,248,11,1,2,2,0.8
2016,Darius Butler,4964,CB,12,IND,128,4,1,6,1,0.8
2016,Marcus Peters,9451,CB,15,KC,369,8,2,0,3,0.8
2016,Earl Thomas III,5539,S,11,SEA,264,8,7,4,2,0.8
2016,Tracy Howard,11063,S,12,CLV,119,6,3,3,1,0.8
2016,Marcus Williams,9115,CB,11,NYJ,130,4,0,0,1,0.8
2016,Darius Slay,7817,CB,13,DET,242,8,0,1,2,0.8
2016,Andrew Adams,11240,S,13,NYG,263,8,5,3,2,0.8
2016,Aaron Williams,6186,S,7,BUF,129,4,3,1,1,0.8
2016,Brandon Carr,4454,CB,16,DAL,305,8,2,2,2,0.7
2016,Chris Conte,6245,S,14,TB,269,22,6,8,2,0.7
2016,Patrick Robinson,5557,CB,7,IND,139,4,2,1,1,0.7
2016,Deon Bush,10758,S,7,CHI,137,7,1,3,1,0.7
2016,Marcus Cooper,8035,CB,14,ARZ,293,13,3,0,2,0.7
2016,Jalen Collins,9475,CB,7,ATL,135,4,3,2,1,0.7
2016,Bryce Callahan,10000,CB,11,CHI,163,3,2,0,1,0.6
2016,Ken Crawley,11224,CB,9,NO,155,5,2,3,1,0.6
2016,Steven Terrell,8450,S,7,SEA,160,8,2,0,1,0.6
2016,Ricardo Allen,8782,S,16,ATL,337,28,4,5,2,0.6
2016,Janoris Jenkins,7043,CB,15,NYG,335,7,0,3,2,0.6
2016,Trumaine Johnson,7067,CB,14,LA,341,7,1,7,2,0.6
2016,Nolan Carroll,5668,CB,16,PHI,324,8,1,0,2,0.6
2016,Will Blackmon,3060,S,13,WAS,196,10,5,2,1,0.5
2016,Anthony Brown,10823,CB,15,DAL,199,3,3,1,1,0.5
2016,Tashaun Gipson Sr.,7288,S,16,JAX,397,14,3,1,2,0.5
2016,Tyrann Mathieu,7850,S,10,ARZ,192,4,1,1,1,0.5
2016,Quinten Rollins,9495,CB,13,GB,209,3,1,0,1,0.5
2016,Sterling Moore,6871,CB,13,NO,280,6,5,4,1,0.4
2016,Nevin Lawson,8768,CB,16,DET,329,12,3,2,1,0.3
2016,Robert Alford,7841,CB,16,ATL,332,9,4,1,1,0.3
2016,Tracy Porter,4354,CB,16,CHI,355,8,0,6,1,0.3
2016,Andre Holmes,6489,WR,1,OAK,1,0,0,0,0,0
2016,Mackensie Alexander,10688,CB,6,MIN,20,0,1,0,0,0
2016,Cliff Matthews,6382,DI,3,ATL,9,0,0,0,0,0
2016,Colin Jones,6342,S,1,CAR,4,0,0,1,0,0
2016,Aldrick Robinson,6330,WR,1,ATL,1,0,0,0,0,0
2016,Chris Carter,6314,ED,1,IND,1,0,0,0,0,0
2016,Jeremy Kerley,6305,WR,1,SF,1,0,0,0,0,0
2016,Taiwan Jones,6277,HB,1,OAK,1,0,0,0,0,0
2016,KeiVarae Russell,10708,CB,1,CIN,1,0,0,0,0,0
2016,Chimdi Chekwa,6265,CB,1,MIA,1,0,0,0,0,0
2016,Nick Vigil,10721,LB,9,CIN,24,1,2,1,0,0
2016,Kyler Fackrell,10722,ED,12,GB,48,3,0,0,0,0
2016,Brandon Williams,10726,CB,5,ARZ,81,3,0,0,0,0
2016,Chris Maragos,5906,S,2,PHI,2,0,0,0,0,0
2016,Chris Moore,10741,WR,1,BLT,1,0,0,0,0,0
2016,B.J. Goodson,10743,LB,3,NYG,7,0,0,0,0,0
2016,Miles Killebrew,10745,S,5,DET,11,1,1,0,0,0
2016,Sergio Brown,5803,S,2,BUF,4,0,0,1,0,0
2016,Crezdon Butler,5687,CB,1,DET,1,0,0,0,0,0
2016,Juston Burris,10752,CB,7,NYJ,75,1,1,1,0,0
2016,Sherrick McManis,5667,CB,1,CHI,8,0,0,0,0,0
2016,Kendrick Lewis,5659,S,3,BLT,7,0,0,0,0,0
2016,O'Brien Schofield,5653,ED,1,ATL,3,0,0,0,0,0
2016,Lamarr Houston,5569,ED,1,CHI,12,0,1,0,0,0
2016,Arrelious Benn,5564,WR,1,JAX,1,0,0,0,0,0
2016,Quinton Jefferson,10781,DI,2,SEA,2,0,0,0,0,0
2016,Wendell Smallwood,10787,HB,1,PHI,1,0,0,0,0,0
2016,LeShaun Sims,10791,CB,5,TEN,64,1,0,1,0,0
2016,Kentrell Brothers,10794,LB,1,MIN,1,0,0,0,0,0
2016,C.J. Spiller,5534,HB,1,NYJ,1,0,0,0,0,0
2016,Temarrick Hemingway,10811,TE,1,LA,1,0,0,0,0,0
2016,D.J. White,10812,CB,5,KC,32,0,0,0,0,0
2016,DeAndre Houston-Carson,10819,S,2,CHI,6,0,0,0,0,0
2016,Julian Edelman,5156,WR,1,NE,1,0,0,0,0,0
2016,Cody Core,10833,WR,1,CIN,1,0,0,0,0,0
2016,Dadi Nicolas,10837,ED,2,KC,6,0,0,1,0,0
2016,Cedric Peerman,5109,HB,1,CIN,1,0,0,0,0,0
2016,Don Carey,5101,CB,5,DET,21,1,0,0,0,0
2016,Kavon Frazier,10846,S,2,DAL,12,0,1,0,0,0
2016,Stephen Weatherly,10861,ED,1,MIN,1,0,0,0,0,0
2016,Charone Peake,10875,WR,1,NYJ,1,0,0,0,0,0
2016,Brandon Tate,5006,WR,1,BUF,1,0,0,0,0,0
2016,Scooby Wright III,10884,LB,1,ARZ,2,0,2,0,0,0
2016,Kalan Reed,10887,CB,1,TEN,2,0,0,0,0,0
2016,Chris Milton,10914,CB,3,IND,27,0,0,0,0,0
2016,Chester Rogers,10918,WR,1,IND,1,0,0,0,0,0
2016,Matthew Slater,4467,WR,1,NE,1,0,0,0,0,0
2016,Bryson Albright,10962,ED,1,BUF,1,0,0,0,0,0
2016,Joshua Perkins,11051,TE,1,ATL,1,0,0,0,0,0
2016,Dominique Alexander,11058,LB,1,CLV,1,0,0,0,0,0
2016,Victor Ochi,11098,ED,2,NYJ,2,0,1,0,0,0
2016,Patrick Onwuasor,11100,LB,5,BLT,27,1,4,0,0,0
2016,Alex Erickson,11107,WR,1,CIN,1,0,0,0,0,0
2016,Eric Weems,4097,WR,1,ATL,1,0,0,1,0,0
2016,Adairius Barnes,11129,CB,4,DET,13,0,0,0,0,0
2016,Josh Hawkins,11149,CB,1,GB,1,0,0,0,0,0
2016,Brian Price,11157,DI,1,GB,5,0,0,0,0,0
2016,Dashon Goldson,3742,S,2,ATL,2,0,0,0,0,0
2016,Terrance Smith,11181,LB,2,KC,20,0,0,1,0,0
2016,Nicholas Grigsby,11187,LB,1,LA,1,0,0,0,0,0
2016,Devin Hester,3002,WR,1,BLT,1,0,0,0,0,0
2016,De'Vante Harris,11227,CB,4,NO,32,0,0,0,0,0
2016,Michael Hunter,11243,CB,2,NYG,6,2,0,0,0,0
2016,Jalin Marshall,11259,WR,1,NYJ,1,0,0,0,0,0
2016,Antonio Cromartie,2964,CB,4,IND,63,0,0,1,0,0
2016,Darren Sproles,2347,HB,2,PHI,2,1,0,0,0,0
2016,DeAndre Elliott,11281,CB,2,SEA,6,0,0,0,0,0
2016,Mehdi Abdesmad,11322,DI,2,TEN,10,1,0,0,0,0
2016,Frankie Williams,11368,CB,1,IND,1,0,0,0,0,0
2016,Trey Burton,9185,TE,1,PHI,1,0,0,0,0,0
2016,Brian Dixon,9146,CB,1,ARZ,4,0,0,0,0,0
2016,Ryan Groy,9221,C,1,BUF,1,0,0,0,0,0
2016,Marcus Roberson,9241,CB,1,BUF,9,0,0,0,0,0
2016,Chris Davis,9242,CB,2,SF,9,0,0,0,0,0
2016,Howard Jones,8909,ED,4,TB,9,1,0,0,0,0
2016,Lonnie Ballentine,8890,S,1,HST,9,0,1,0,0,0
2016,Terrance Mitchell,8888,CB,5,KC,65,1,1,0,0,0
2016,James Wright,8873,WR,1,CIN,1,0,0,0,0,0
2016,Louis Young,9335,CB,1,CAR,7,0,0,0,0,0
2016,Marquis Flowers,8846,LB,2,CIN,3,0,0,0,0,0
2016,Marcus Ball,9391,S,1,SF,1,0,0,0,0,0
2016,Zach Moore,8833,ED,1,SF,4,0,0,0,0,0
2016,Walter Powell,8831,WR,1,BUF,1,0,0,0,0,0
2016,Jordan Tripp,8806,LB,1,GB,11,0,0,1,0,0
2016,Vinnie Sunseri,8802,S,2,SF,4,0,1,0,0,0
2016,Bene Benwikere,8783,CB,4,MIA,77,1,1,1,0,0
2016,Ryan Grant,8777,WR,1,WAS,1,0,0,0,0,0
2016,Lorenzo Taliaferro,8773,HB,1,BLT,1,0,0,0,0,0
2016,Damarious Randall,9463,CB,10,GB,154,3,0,1,0,0
2016,Dontae Johnson,8764,CB,7,SF,32,0,0,0,0,0
2016,Walt Aikens,8760,S,1,MIA,2,0,0,0,0,0
2016,Mario Edwards Jr.,9468,DI,2,OAK,15,1,2,0,0,0
2016,De'Anthony Thomas,8759,WR,2,KC,2,0,0,0,0,0
2016,Marqueston Huff,8757,S,2,BLT,24,0,0,0,0,0
2016,Dexter McDougle,8715,CB,1,NYJ,4,0,0,0,0,0
2016,Terrence Brooks,8714,S,1,PHI,1,0,0,0,0,0
2016,Austin Seferian-Jenkins,8673,TE,1,NYJ,1,0,0,0,0,0
2016,Jason Verrett,8660,CB,4,SD,79,2,0,0,0,0
2016,Jordan Richards,9497,S,2,NE,7,0,0,0,0,0
2016,Justin Gilbert,8643,CB,2,PIT,2,0,0,0,0,0
2016,Marcus Cromartie,8525,S,2,SF,18,2,0,0,0,0
2016,Terence Garvin,8515,LB,7,WAS,14,2,0,1,0,0
2016,Jalen Richard,11395,HB,1,OAK,1,0,0,0,0,0
2016,Sheldon Price,8479,CB,1,BLT,1,0,0,0,0,0
2016,Jordan Dangerfield,8468,S,3,PIT,33,0,1,2,0,0
2016,Cody Davis,8458,S,9,LA,86,2,1,3,0,0
2016,Geneo Grissom,9530,ED,2,NE,6,0,0,0,0,0
2016,Zach Line,8420,FB,1,MIN,1,1,0,0,0,0
2016,Jamison Crowder,9538,WR,1,WAS,1,0,0,0,0,0
2016,Justin Hardy,9540,WR,1,ATL,1,0,0,0,0,0
2016,Chris Banjo,8419,S,1,NO,1,0,0,0,0,0
2016,Jeff Heath,8396,S,9,DAL,35,2,0,1,0,0
2016,Josh Johnson,8386,CB,4,JAX,17,0,0,0,0,0
2016,Adam Thielen,8288,WR,1,MIN,1,0,0,0,0,0
2016,T.J. Barnes,8184,DI,5,KC,34,1,0,0,0,0
2016,Javorius Allen,9558,HB,1,BLT,1,0,0,0,0,0
2016,Marcus Burley,8142,CB,4,CLV,15,1,0,0,0,0
2016,Josh Martin,8138,ED,2,NYJ,2,0,0,1,0,0
2016,Rashad Greene Sr.,9572,WR,1,JAX,1,0,0,0,0,0
2016,David King,8022,DI,1,KC,4,0,0,0,0,0
2016,Charles Johnson,7998,WR,1,MIN,1,0,0,0,0,0
2016,Nate Palmer,7974,LB,3,TEN,6,0,1,0,0,0
2016,Rex Burkhead,7971,HB,1,CIN,1,0,0,0,0,0
2016,Kenjon Barner,7963,HB,2,PHI,2,0,0,0,0,0
2016,Mike Gillislee,7946,HB,1,BUF,1,0,0,0,0,0
2016,Lorenzo Doss,9597,CB,3,DEN,9,0,0,0,0,0
2016,Steve Williams,7927,CB,5,LA,47,3,0,0,0,0
2016,JaCorey Shepherd,9624,CB,2,SF,4,0,0,0,0,0
2016,Jonathan Meeks,7925,S,13,BUF,37,2,0,0,0,0
2016,Nick O'Leary,9627,TE,1,BUF,1,0,0,0,0,0
2016,Derron Smith,9630,S,5,CIN,35,0,2,0,0,0
2016,Montori Hughes,7921,DI,2,NYG,10,0,0,0,0,0
2016,Tharold Simon,7920,CB,5,ARZ,17,1,0,0,0,0
2016,Denard Robinson,7917,HB,1,JAX,1,0,0,0,0,0
2016,Darren Waller,9637,TE,1,BLT,1,0,0,0,0,0
2016,Kyle Juszczyk,7912,FB,1,BLT,1,0,0,0,0,0
2016,Malliciah Goodman,7909,DI,3,ATL,18,1,0,0,0,0
2016,B.W. Webb,7896,CB,13,NO,165,3,1,0,0,0
2016,Shamarko Thomas,7893,S,1,PIT,1,0,0,0,0,0
2016,Hayes Pullard,9652,LB,9,JAX,20,1,1,0,0,0
2016,Duke Williams,7887,S,7,IND,30,1,0,1,0,0
2016,Bryce Hager,9657,LB,5,LA,8,0,0,0,0,0
2016,Ben Koyack,9662,TE,1,JAX,1,0,0,0,0,0
2016,Mark Nzeocha,9669,LB,1,DAL,7,1,0,0,0,0
2016,Dexter McDonald,9675,CB,2,OAK,2,0,0,0,0,0
2016,Al-Hajj Shabazz,9707,CB,1,PIT,1,0,0,0,0,0
2016,Robenson Therezie,9776,S,2,NO,6,0,0,0,0,0
2016,Raheem Mostert,9783,HB,1,SF,1,0,0,0,0,0
2016,Zaviar Gooden,7879,LB,6,ARZ,22,1,2,0,0,0
2016,Will Davis,7874,CB,2,BLT,14,0,0,0,0,0
2016,Alani Fua,9798,LB,1,ARZ,1,0,0,0,0,0
2016,Duron Harmon,7872,S,16,NE,143,5,1,3,0,0
2016,Jordan Hill,7868,DI,4,JAX,19,0,0,0,0,0
2016,Blidi Wreh-Wilson,7851,CB,1,ATL,2,0,0,0,0,0
2016,Zach Vigil,9824,LB,1,WAS,2,0,0,0,0,0
2016,Leon McFadden,7849,CB,2,DAL,15,1,1,0,0,0
2016,Nick Marshall,9829,CB,1,NYJ,1,0,0,0,0,0
2016,Dwayne Gratz,7845,CB,2,PHI,26,1,0,0,0,0
2016,Brennen Beyer,9858,ED,1,BLT,6,1,2,0,0,0
2016,Trevor Roach,9887,LB,1,CIN,1,0,0,0,0,0
2016,Arthur Brown,7837,LB,3,NYJ,3,0,0,0,0,0
2016,Justin Coleman,9892,CB,7,NE,42,0,0,0,0,0
2016,Cameron Lynch,9911,LB,1,TB,1,0,0,0,0,0
2016,LaDarius Gunter,9925,CB,16,GB,281,4,1,2,0,0
2016,Johnthan Banks,7824,CB,4,CHI,57,1,0,1,0,0
2016,Brandon King,9952,S,1,NE,1,1,0,0,0,0
2016,Taiwan Jones,9958,LB,1,NYJ,1,0,0,0,0,0
2016,Dean Marlowe,9966,S,1,CAR,1,0,0,0,0,0
2016,Robertson Daniel,9974,CB,1,BLT,1,0,0,0,0,0
2016,Matt Elam,7813,S,5,BLT,17,0,0,1,0,0
2016,Jonathan Anderson,9998,LB,1,CHI,16,2,0,0,0,0
2016,Sharrif Floyd,7804,DI,1,MIN,12,0,0,0,0,0
2016,Lynden Trail,10026,ED,2,WAS,3,1,0,0,0,0
2016,Tavon Austin,7789,WR,1,LA,1,0,0,0,0,0
2016,Will Tukuafu,7764,FB,1,SEA,3,0,0,0,0,0
2016,Dezman Moses,7696,ED,2,KC,9,0,1,0,0,0
2016,Quinton Dunbar,10073,CB,12,WAS,86,2,1,0,0,0
2016,Toby Johnson,10101,DI,2,MIN,11,1,0,0,0,0
2016,Tyrell Adams,10140,LB,1,OAK,1,0,0,0,0,0
2016,Chris Lewis-Harris,7624,CB,6,BLT,10,0,0,0,0,0
2016,Eddie Pleasant,7593,S,9,HST,37,4,1,0,0,0
2016,Jamize Olawale,7572,FB,1,OAK,1,0,0,0,0,0
2016,Brandon Bolden,7469,HB,1,NE,1,0,0,0,0,0
2016,Johnson Bademosi,7374,CB,8,DET,102,4,0,2,0,0
2016,Erik Harris,10346,S,1,NO,1,0,0,0,0,0
2016,Anthony Lanier II,11409,DI,3,WAS,6,0,0,0,0,0
2016,Peyton Thompson,7235,S,3,JAX,21,0,1,0,0,0
2016,Antonio Allen,7224,S,1,NYJ,1,0,0,0,0,0
2016,Nate Ebner,7193,S,4,NE,11,0,0,0,0,0
2016,Winston Guy,7171,S,2,IND,30,1,1,0,0,0
2016,Asa Jackson,7161,CB,4,DET,32,0,0,0,0,0
2016,Tank Carder,7141,ED,6,CLV,18,1,0,0,0,0
2016,Najee Goode,7137,LB,3,PHI,3,0,0,0,0,0
2016,Robert Nkemdiche,10663,DI,5,ARZ,38,0,0,0,0,0
2016,Xavien Howard,10672,CB,7,MIA,214,4,2,1,0,0
2016,Chase Reynolds,6892,HB,1,LA,1,0,0,0,0,0
2016,Mark Herzlich,6767,LB,5,NYG,11,0,0,0,0,0
2016,Justin Trattou,6669,ED,3,MIN,3,0,0,0,0,0
2016,Jeron Johnson,6621,S,1,SEA,6,1,0,0,0,0
2016,DuJuan Harris,6595,HB,1,SF,1,0,0,0,0,0
