year,player,player_id,position,player_game_count,team_name,coverage_snaps,targets,receptions,yards,yards_after_catch,touchdowns,interceptions,qb_rating_against,yards_per_coverage_snap,coverage_snaps_per_target,coverage_snaps_per_reception
2016,James Bradberry,10696,CB,7,CAR,8,1,0,0,0,0,0,39.6,0,8,
2016,Greg Toler,5055,CB,3,WAS,6,1,0,0,0,0,0,39.6,0,6,
2016,Jonathan Meeks,7925,S,3,BUF,4,1,0,0,0,0,0,39.6,0,4,
2016,Cameron Lynch,9911,LB,1,TB,3,1,0,0,0,0,0,39.6,0,3,
2016,Derrick Kindred,10763,S,8,CLV,25,1,0,0,0,0,0,39.6,0,25,
2016,Deon Bush,10758,S,3,CHI,10,1,0,0,0,0,0,39.6,0,10,
2016,Mychal Kendricks,7049,LB,7,PHI,8,1,0,0,0,0,0,39.6,0,8,
2016,Ray-Ray Armstrong,8271,LB,2,SF,7,1,0,0,0,0,1,0,0,7,
2016,Artie Burns,10659,CB,8,PIT,11,2,0,0,0,0,0,39.6,0,5.5,
2016,Leodis McKelvin,4325,CB,6,PHI,11,2,0,0,0,0,0,39.6,0,5.5,
2016,Myles Jack,10670,LB,9,JAX,16,2,0,0,0,0,0,39.6,0,8,
2016,Daryl Worley,10711,CB,6,CAR,13,2,0,0,0,0,0,39.6,0,6.5,
2016,Tracy Porter,4354,CB,7,CHI,9,1,0,0,0,0,0,39.6,0,9,
2016,Dre Kirkpatrick,7023,CB,7,CIN,13,2,0,0,0,0,0,39.6,0,6.5,
2016,Cody Davis,8458,S,3,LA,4,1,0,0,0,0,0,39.6,0,4,
2016,Shane Ray,9456,ED,5,DEN,7,1,0,0,0,0,0,39.6,0,7,
2016,Jordan Richards,9497,S,1,NE,2,1,0,0,0,0,0,39.6,0,2,
2016,P.J. Williams,9511,CB,1,NO,2,2,0,0,0,0,0,39.6,0,1,
2016,Derrick Morgan,5541,ED,8,TEN,12,1,0,0,0,0,0,39.6,0,12,
2016,Brennan Scarlett,11169,ED,1,HST,3,1,0,0,0,0,0,39.6,0,3,
2016,Sam Shields,5943,CB,1,GB,1,1,0,0,0,0,0,39.6,0,1,
2016,Ramik Wilson,9551,LB,2,KC,3,2,0,0,0,0,0,39.6,0,1.5,
2016,Marcus Sherels,6017,CB,1,MIN,2,2,0,0,0,0,0,39.6,0,1,
2016,Robert Nelson,8989,CB,3,HST,5,1,0,0,0,0,1,0,0,5,
2016,Shareece Wright,6241,CB,5,BLT,11,1,0,0,0,0,0,39.6,0,11,
2016,Rob Ninkovich,3080,ED,7,NE,10,1,0,0,0,0,0,39.6,0,10,
2016,Jayron Kearse,10878,S,2,MIN,2,1,0,0,0,0,0,39.6,0,2,
2016,Andrew Adams,11240,S,13,NYG,47,2,1,49,25,0,0,95.8,1.04,23.5,47
2016,Prince Amukamara,6171,CB,10,JAX,31,3,1,21,4,0,0,59,0.68,10.3,31
2016,Rodney McLeod,7271,S,13,PHI,30,1,1,0,0,0,0,79.2,0,30,30
2016,Derrick Johnson,2232,LB,10,KC,26,3,1,9,11,0,0,42.4,0.35,8.7,26
2016,Vontae Davis,4948,CB,12,IND,26,4,1,6,1,0,0,39.6,0.23,6.5,26
2016,Ha Ha Clinton-Dix,8656,S,14,GB,25,3,1,6,0,0,1,2.8,0.24,8.3,25
2016,Adrian Phillips,9177,S,11,SD,22,1,1,64,31,1,0,158.3,2.91,22,22
2016,Johnathan Joseph,2969,CB,10,HST,22,3,1,23,10,0,0,61.8,1.05,7.3,22
2016,Brent Grimes,3589,CB,11,TB,22,2,1,3,5,0,0,56.3,0.14,11,22
2016,Justin Coleman,9892,CB,6,NE,43,9,2,22,0,0,0,39.6,0.51,4.8,21.5
2016,D'Qwell Jackson,2979,LB,11,IND,41,3,2,19,11,0,0,84,0.46,13.7,20.5
2016,Eric Weddle,3653,S,16,BLT,101,9,5,49,19,0,0,71.1,0.49,11.2,20.2
2016,Chad Greenway,2962,LB,7,MIN,20,1,1,12,7,0,0,116.7,0.6,20,20
2016,Chris Lewis-Harris,7624,CB,3,BLT,20,4,1,8,0,0,1,0,0.4,5,20
2016,Jaquiski Tartt,9479,S,14,SF,59,4,3,60,9,0,0,116.7,1.02,14.8,19.7
2016,Josh Johnson,8386,CB,5,JAX,77,8,4,43,25,0,0,66.1,0.56,9.6,19.3
2016,Tramaine Brock Sr.,5903,CB,11,SF,19,5,1,6,9,0,0,39.6,0.32,3.8,19
2016,Kevin Johnson,9449,CB,4,HST,38,4,2,17,5,0,0,61.5,0.45,9.5,19
2016,Steven Terrell,8450,S,8,SEA,19,3,1,7,-1,0,0,42.4,0.37,6.3,19
2016,Mackensie Alexander,10688,CB,3,MIN,19,1,1,1,0,1,0,118.8,0.05,19,19
2016,Shaquil Barrett,9000,ED,7,DEN,18,2,1,3,5,0,0,56.3,0.17,9,18
2016,Robert Golden,7303,S,7,PIT,35,2,2,14,11,0,0,95.8,0.4,17.5,17.5
2016,Eli Apple,10644,CB,10,NYG,17,2,1,7,9,0,0,58.3,0.41,8.5,17
2016,Jeff Heath,8396,S,5,DAL,17,1,1,9,5,0,0,104.2,0.53,17,17
2016,C.J. Mosley,8652,LB,8,BLT,17,2,1,7,2,0,0,58.3,0.41,8.5,17
2016,Devon Kennard,8809,LB,13,NYG,17,2,1,11,3,0,0,66.7,0.65,8.5,17
2016,Tre Boston,8763,S,15,CAR,50,6,3,40,22,0,0,71.5,0.8,8.3,16.7
2016,Will Blackmon,3060,S,9,WAS,33,5,2,35,13,0,0,64.6,1.06,6.6,16.5
2016,Deji Olatoye,9061,CB,3,ATL,16,3,1,5,2,0,0,42.4,0.31,5.3,16
2016,Craig Robertson,7003,LB,9,NO,16,2,1,-2,0,0,0,56.3,-0.13,8,16
2016,Brian Cushing,4938,LB,9,HST,16,1,1,6,2,0,0,91.7,0.38,16,16
2016,Corey Graham,3784,S,16,BUF,80,5,5,66,57,2,0,158.3,0.83,16,16
2016,DeShawn Shead,7450,CB,11,SEA,48,5,3,36,18,0,0,82.1,0.75,9.6,16
2016,Bryce Callahan,10000,CB,9,CHI,141,18,9,126,9,0,0,72.9,0.89,7.8,15.7
2016,Kevin Minter,7826,LB,13,ARZ,30,5,2,-1,-2,0,0,47.9,-0.03,6,15
2016,Rashard Robinson,10767,CB,8,SF,15,2,1,21,3,0,0,87.5,1.4,7.5,15
2016,Phillip Gaines,8722,CB,9,KC,45,5,3,122,64,2,0,143.8,2.71,9,15
2016,Devin McCourty,5552,S,12,NE,30,3,2,23,1,1,0,129.2,0.77,10,15
2016,Kurt Coleman,5767,S,15,CAR,89,9,6,37,8,1,1,72.2,0.42,9.9,14.8
2016,Cre'Von LeBlanc,11218,CB,9,CHI,206,24,14,167,48,1,1,76.2,0.81,8.6,14.7
2016,Chris Harris Jr.,6457,CB,16,DEN,365,46,25,215,81,1,0,74.1,0.59,7.9,14.6
2016,Telvin Smith Sr.,8779,LB,16,JAX,58,6,4,59,49,0,0,98.6,1.02,9.7,14.5
2016,Josh Norman,7649,CB,14,WAS,43,4,3,24,20,0,0,89.6,0.56,10.8,14.3
2016,Rashad Johnson,5018,S,14,TEN,56,7,4,31,13,0,0,68.2,0.55,8,14
2016,Tracy Howard,11063,S,8,CLV,41,6,3,19,7,0,0,56.9,0.46,6.8,13.7
2016,Tashaun Gipson Sr.,7288,S,15,JAX,41,4,3,33,4,0,0,99,0.8,10.3,13.7
2016,Keenan Robinson,7119,LB,13,NYG,27,4,2,3,4,0,0,56.3,0.11,6.8,13.5
2016,Steven Nelson,9531,CB,15,KC,466,65,35,416,142,1,0,78.8,0.89,7.2,13.3
2016,Cyrus Jones,10694,CB,6,NE,40,5,3,40,7,1,0,125,1,8,13.3
2016,Marcus Peters,9451,CB,14,KC,40,6,3,14,16,1,0,95.8,0.35,6.7,13.3
2016,Brian Poole,11052,CB,16,ATL,449,53,34,357,230,2,0,96.2,0.8,8.5,13.2
2016,Bacarri Rambo,7972,S,8,MIA,39,5,3,68,33,1,0,143.8,1.74,7.8,13
2016,Nickell Robey-Coleman,8483,CB,16,BUF,324,45,25,326,130,2,2,74.9,1.01,7.2,13
2016,Morris Claiborne,7012,CB,5,DAL,13,1,1,14,2,0,0,118.8,1.08,13,13
2016,Whitney Mercilus,7031,ED,8,HST,13,1,1,8,5,0,0,100,0.62,13,13
2016,Don Carey,5101,CB,6,DET,39,5,3,17,10,1,0,105.8,0.44,7.8,13
2016,Gerald Hodges,7902,LB,10,SF,26,3,2,15,9,0,0,78.5,0.58,8.7,13
2016,Reggie Nelson,3637,S,15,OAK,38,5,3,20,19,0,0,68.8,0.53,7.6,12.7
2016,Eddie Pleasant,7593,S,13,HST,50,8,4,26,4,0,0,57.3,0.52,6.3,12.5
2016,Kevin Byard,10698,S,14,TEN,75,7,6,35,11,0,0,87.5,0.47,10.7,12.5
2016,Jude Adjei-Barimah,10298,CB,9,TB,187,22,15,184,84,2,0,124.1,0.98,8.5,12.5
2016,Richard Sherman,6306,CB,14,SEA,50,7,4,78,36,0,0,96.1,1.56,7.1,12.5
2016,Darian Stewart,5820,S,15,DEN,49,7,4,40,30,0,0,73.5,0.82,7,12.3
2016,Brice McCain,5112,CB,16,TEN,518,69,42,477,259,6,1,104.6,0.92,7.5,12.3
2016,Da'Norris Searcy,6252,S,12,TEN,37,6,3,42,15,0,0,72.9,1.14,6.2,12.3
2016,Quinten Rollins,9495,CB,12,GB,185,22,15,208,96,2,1,109.7,1.12,8.4,12.3
2016,Patrick Robinson,5557,CB,6,IND,86,9,7,92,58,1,0,146.3,1.07,9.6,12.3
2016,Ron Brooks,7124,CB,6,PHI,134,17,11,107,80,1,0,101.8,0.8,7.9,12.2
2016,Morgan Burnett,5596,S,15,GB,97,13,8,115,59,1,0,115.9,1.19,7.5,12.1
2016,Marcus Williams,9115,CB,10,NYJ,120,17,10,188,109,3,0,136.8,1.57,7.1,12
2016,Cam Johnson,7221,ED,6,CLV,12,1,1,-2,2,0,0,79.2,-0.17,12,12
2016,Antonio Cromartie,2964,CB,4,IND,12,2,1,17,0,0,0,79.2,1.42,6,12
2016,Julian Stanford,7372,LB,5,NYJ,12,2,1,4,4,0,0,56.3,0.33,6,12
2016,Reshad Jones,5686,S,6,MIA,24,3,2,10,9,0,0,71.5,0.42,8,12
2016,Javien Elliott,11418,CB,5,TB,118,10,10,77,34,1,0,132.1,0.65,11.8,11.8
2016,T.J. Carrie,8853,CB,12,OAK,154,24,13,273,122,1,1,91.1,1.77,6.4,11.8
2016,Bradley McDougald,8220,S,16,TB,82,7,7,80,23,0,0,114.3,0.98,11.7,11.7
2016,Andre Hal,8850,S,15,HST,82,9,7,46,8,0,1,48.4,0.56,9.1,11.7
2016,Josh Bynes,6503,LB,8,DET,23,5,2,15,6,0,0,47.9,0.65,4.6,11.5
2016,Vincent Rey,5811,LB,12,CIN,34,5,3,38,22,0,0,83.8,1.12,6.8,11.3
2016,Harrison Smith,7641,S,13,MIN,67,10,6,30,19,1,0,97.9,0.45,6.7,11.2
2016,Eric Reid,7799,S,10,SF,89,11,8,103,41,1,0,132,1.16,8.1,11.1
2016,Demontre Hurst,8359,S,9,CHI,122,13,11,112,26,2,1,110.1,0.92,9.4,11.1
2016,Kevon Seymour,10852,CB,13,BUF,88,12,8,94,29,0,0,90.3,1.07,7.3,11
2016,Vernon Hargreaves III,10645,CB,15,TB,132,16,12,187,81,0,0,113.3,1.42,8.3,11
2016,Jonathan Jones,11217,CB,4,NE,33,6,3,27,22,0,0,62.5,0.82,5.5,11
2016,Trumaine Johnson,7067,CB,9,LA,22,2,2,23,11,0,0,114.6,1.05,11,11
2016,J.J. Wilcox,7861,S,8,DAL,11,2,1,12,1,0,0,68.8,1.09,5.5,11
2016,William Gay,3786,CB,16,PIT,372,53,34,226,102,3,1,84.3,0.61,7,10.9
2016,Leon Hall,3634,CB,10,NYG,128,18,12,169,120,1,0,115.3,1.32,7.1,10.7
2016,Jeremy Lane,7164,CB,16,SEA,351,45,33,300,117,2,0,105.8,0.85,7.8,10.6
2016,Bobby McCain,9578,CB,16,MIA,372,48,35,363,141,4,1,113.5,0.98,7.8,10.6
2016,Robert Alford,7841,CB,16,ATL,85,12,8,70,13,0,1,47.2,0.82,7.1,10.6
2016,Buster Skrine,6289,CB,14,NYJ,287,39,27,238,146,1,0,93.8,0.83,7.4,10.6
2016,Dwight Lowery,4427,S,16,SD,159,20,15,151,63,0,0,96,0.95,8,10.6
2016,Akeem Ayers,6191,ED,12,IND,21,3,2,16,0,0,0,79.9,0.76,7,10.5
2016,David Amerson,7832,CB,12,OAK,21,3,2,1,4,0,0,70.1,0.05,7,10.5
2016,Josh Shaw,9553,CB,16,CIN,327,47,31,385,195,1,1,89.4,1.18,7,10.5
2016,Lorenzo Alexander,2476,ED,11,BUF,21,3,2,27,29,0,1,55.6,1.29,7,10.5
2016,Byron Jones,9460,S,16,DAL,177,32,17,121,57,3,0,93.4,0.68,5.5,10.4
2016,Anthony Barr,8644,LB,15,MIN,52,9,5,55,14,0,0,73.8,1.06,5.8,10.4
2016,Tavon Young,10738,CB,13,BLT,93,14,9,83,40,1,2,64.6,0.89,6.6,10.3
2016,Malcolm Butler,9040,CB,15,NE,82,13,8,118,51,0,0,91.2,1.44,6.3,10.3
2016,Quintin Demps,4431,S,10,HST,31,4,3,10,2,0,0,77.1,0.32,7.8,10.3
2016,Thomas Davis Sr.,2231,LB,14,CAR,62,9,6,50,19,1,0,117.8,0.81,6.9,10.3
2016,Korey Toomer,7147,LB,9,SD,41,5,4,23,17,1,0,125.4,0.56,8.2,10.3
2016,Terence Newman,1321,CB,7,MIN,51,7,5,40,5,0,0,85.4,0.78,7.3,10.2
2016,Daniel Sorensen,9253,S,12,KC,51,7,5,49,21,0,0,90.8,0.96,7.3,10.2
2016,Kam Chancellor,5656,S,12,SEA,91,14,9,56,33,2,1,82.1,0.62,6.5,10.1
2016,Patrick Peterson,6157,CB,16,ARZ,71,12,7,90,41,0,0,81.9,1.27,5.9,10.1
2016,James Harrison,1251,ED,9,PIT,10,1,1,1,3,0,0,79.2,0.1,10,10
2016,Ibraheim Campbell,9548,S,7,CLV,30,6,3,18,30,0,0,56.3,0.6,5,10
2016,Xavier Rhodes,7806,CB,7,MIN,10,3,1,8,4,0,0,42.4,0.8,3.3,10
2016,Darryl Roberts,9680,CB,7,NYJ,20,3,2,21,8,1,0,126.4,1.05,6.7,10
2016,David Bruton,5037,S,4,WAS,10,2,1,12,0,0,0,68.8,1.2,5,10
2016,D.J. Swearinger Sr.,7838,S,14,ARZ,40,7,4,46,18,0,2,37.5,1.15,5.7,10
2016,Darrelle Revis,3630,CB,13,NYJ,40,6,4,35,12,0,0,81.9,0.88,6.7,10
2016,Tharold Simon,7920,CB,5,ARZ,10,2,1,7,4,0,0,58.3,0.7,5,10
2016,Eric Berry,5530,S,16,KC,99,11,10,84,32,0,0,98.5,0.85,9,9.9
2016,Ron Parker,6625,S,16,KC,158,28,16,154,52,2,1,81.5,0.97,5.6,9.9
2016,Robert McClain,5771,CB,9,SD,117,15,12,99,56,2,0,133.8,0.85,7.8,9.8
2016,Anthony Levine,6013,S,6,BLT,29,4,3,13,21,0,0,78.1,0.45,7.3,9.7
2016,Keanu Neal,10651,S,14,ATL,135,22,14,96,32,0,0,73.3,0.71,6.1,9.6
2016,Kiko Alonso,7827,LB,14,MIA,48,8,5,65,47,0,0,88,1.35,6,9.6
2016,Dwayne Gratz,7845,CB,3,PHI,48,5,5,25,13,0,0,87.5,0.52,9.6,9.6
2016,Tyvon Branch,4414,CB,6,ARZ,133,24,14,223,109,0,0,89.4,1.68,5.5,9.5
2016,Jairus Byrd,4965,S,7,NO,19,2,2,11,9,0,0,89.6,0.58,9.5,9.5
2016,Johnathan Cyprien,7814,S,16,JAX,178,27,19,165,67,1,0,98.5,0.93,6.6,9.4
2016,Darius Butler,4964,CB,12,IND,159,25,17,164,58,1,1,82.8,1.03,6.4,9.4
2016,Coty Sensabaugh,7115,CB,8,NYG,66,8,7,60,49,0,0,97.9,0.91,8.3,9.4
2016,Keith Reaser,8805,CB,12,SF,85,13,9,112,48,1,0,121.3,1.32,6.5,9.4
2016,Alec Ogletree,7811,LB,14,LA,28,5,3,30,5,0,0,77.1,1.07,5.6,9.3
2016,Barry Church,5924,S,10,DAL,37,6,4,47,9,0,0,90.3,1.27,6.2,9.3
2016,Bradley Roby,8666,CB,15,DEN,65,13,7,96,35,0,1,45.7,1.48,5,9.3
2016,Ryan Shazier,8650,LB,12,PIT,37,4,4,30,15,0,1,58.3,0.81,9.3,9.3
2016,Marcus Gilchrist,6202,S,13,NYJ,55,9,6,121,40,0,0,109.7,2.2,6.1,9.2
2016,Trevor Williams,11004,CB,7,SD,64,10,7,105,41,1,0,137.5,1.64,6.4,9.1
2016,Lardarius Webb,5011,S,14,BLT,82,14,9,66,17,0,0,75.3,0.8,5.9,9.1
2016,Lavonte David,7060,LB,16,TB,91,14,10,120,39,0,0,97.3,1.32,6.5,9.1
2016,Jaylen Watkins,8736,S,10,PHI,36,5,4,62,16,1,0,157.9,1.72,7.2,9
2016,Trae Waynes,9444,CB,6,MIN,9,3,1,9,8,0,0,42.4,1,3,9
2016,Anthony Hitchens,8754,LB,12,DAL,27,4,3,19,15,0,0,84.4,0.7,6.8,9
2016,Keith McGill,8751,S,3,OAK,18,4,2,45,14,0,0,90.6,2.5,4.5,9
2016,Jason Verrett,8660,CB,4,SD,18,5,2,78,62,1,0,127.1,4.33,3.6,9
2016,Erik Walden,4481,ED,10,IND,18,2,2,21,22,0,0,110.4,1.17,9,9
2016,Darryl Morris,8456,CB,9,IND,215,36,24,262,162,1,1,85.6,1.22,6,9
2016,Jordan Jenkins,10717,ED,3,NYJ,9,1,1,2,8,0,0,79.2,0.22,9,9
2016,Juston Burris,10752,CB,6,NYJ,9,2,1,6,3,0,0,56.3,0.67,4.5,9
2016,Nigel Bradham,7105,LB,14,PHI,63,11,7,58,27,1,0,107.4,0.92,5.7,9
2016,Duke Williams,7887,S,3,IND,9,1,1,66,31,1,0,158.3,7.33,9,9
2016,Danny Trevathan,7177,LB,9,CHI,54,6,6,71,48,0,0,116,1.31,9,9
2016,Nate Stupar,7214,LB,8,NO,18,3,2,16,5,0,1,40.3,0.89,6,9
2016,DeAngelo Hall,1729,S,1,WAS,9,2,1,18,3,0,0,81.3,2,4.5,9
2016,Landon Collins,9466,S,16,NYG,71,14,8,105,26,0,1,51.2,1.48,5.1,8.9
2016,Kenny Vaccaro,7796,S,11,NO,185,27,21,210,121,0,1,83.6,1.14,6.9,8.8
2016,Eric Rowe,9480,CB,9,NE,35,9,4,55,8,1,0,101.6,1.57,3.9,8.8
2016,Craig Mager,9516,CB,9,SD,174,24,20,196,74,0,0,100.7,1.13,7.3,8.7
2016,Tony Jefferson,8361,S,14,ARZ,78,13,9,69,31,1,0,107.5,0.88,6,8.7
2016,Sterling Moore,6871,CB,12,NO,157,28,18,205,116,2,1,95.1,1.31,5.6,8.7
2016,Jimmie Ward,8665,CB,11,SF,208,34,24,309,113,2,0,118.4,1.49,6.1,8.7
2016,Bashaud Breeland,8737,CB,14,WAS,139,26,16,166,97,0,1,63.9,1.19,5.3,8.7
2016,Aaron Colvin,8749,CB,10,JAX,157,25,18,108,90,0,0,80.1,0.69,6.3,8.7
2016,Aaron Williams,6186,S,6,BUF,43,12,5,50,32,0,0,54.2,1.16,3.6,8.6
2016,Micah Hyde,7941,CB,16,GB,285,49,33,330,157,4,0,113.5,1.16,5.8,8.6
2016,Andrew Sendejo,6118,S,12,MIN,69,8,8,110,30,0,0,118.8,1.59,8.6,8.6
2016,Shawn Williams,7865,S,15,CIN,43,6,5,107,39,2,0,158.3,2.49,7.2,8.6
2016,Nolan Carroll,5668,CB,11,PHI,17,4,2,35,10,0,0,80.2,2.06,4.3,8.5
2016,Orlando Scandrick,4457,CB,12,DAL,290,45,34,308,112,2,1,99.1,1.06,6.4,8.5
2016,A.J. Bouye,8110,CB,11,HST,34,7,4,36,11,0,0,71.1,1.06,4.9,8.5
2016,Lorenzo Doss,9597,CB,4,DEN,17,3,2,17,6,0,0,81.3,1,5.7,8.5
2016,Philip Wheeler,4407,LB,12,ATL,34,4,4,50,31,0,0,118.8,1.47,8.5,8.5
2016,Vonn Bell,10695,S,15,NO,118,20,14,121,49,2,0,119,1.03,5.9,8.4
2016,Tyrann Mathieu,7850,S,9,ARZ,191,28,23,287,192,3,1,130.2,1.5,6.8,8.3
2016,Desmond Trufant,7803,CB,9,ATL,66,12,8,85,33,1,0,114.9,1.29,5.5,8.3
2016,Jamar Taylor,7835,CB,14,CLV,191,31,23,253,160,0,1,84.5,1.32,6.2,8.3
2016,C.J. Goodwin,9243,CB,6,ATL,25,6,3,50,10,0,0,78.5,2,4.2,8.3
2016,De'Vante Harris,11227,CB,5,NO,50,8,6,102,61,0,0,116.7,2.04,6.3,8.3
2016,Patrick Chung,4957,S,16,NE,147,25,18,174,51,1,1,87.8,1.18,5.9,8.2
2016,Avery Williamson,8786,LB,15,TEN,49,6,6,42,9,3,0,135.4,0.86,8.2,8.2
2016,T.J. McDonald,7852,S,16,LA,74,11,9,67,43,0,0,92,0.91,6.7,8.2
2016,Dominique Rodgers-Cromartie,4330,CB,15,NYG,214,39,26,273,186,1,0,95.4,1.28,5.5,8.2
2016,Malcolm Jenkins,4937,S,16,PHI,286,48,35,305,165,6,1,120.2,1.07,6,8.2
2016,Trevin Wade,7227,CB,13,NYG,98,21,12,85,53,0,0,66.6,0.87,4.7,8.2
2016,George Iloka,7159,S,16,CIN,57,10,7,62,36,0,0,86.3,1.09,5.7,8.1
2016,Charles James II,8120,CB,11,IND,89,17,11,130,33,2,0,127.1,1.46,5.2,8.1
2016,Sam Acho,6255,ED,12,CHI,24,3,3,12,11,0,0,83.3,0.5,8,8
2016,Ahmad Brooks,2945,ED,13,SF,24,3,3,38,20,0,0,118.8,1.58,8,8
2016,Darius Slay,7817,CB,7,DET,16,6,2,22,12,1,0,84.7,1.38,2.7,8
2016,Koa Misi,5565,LB,2,MIA,8,1,1,11,15,0,0,112.5,1.38,8,8
2016,Ricardo Allen,8782,S,15,ATL,32,6,4,60,49,1,0,138.9,1.88,5.3,8
2016,Maurice Alexander,8745,S,14,LA,40,6,5,43,9,0,0,96.5,1.08,6.7,8
2016,Peyton Thompson,7235,S,3,JAX,48,8,6,57,26,0,0,94.3,1.19,6,8
2016,Bud Dupree,9455,ED,4,PIT,8,1,1,13,8,0,0,118.8,1.63,8,8
2016,Mike Jordan,11189,CB,4,LA,8,1,1,9,1,0,0,104.2,1.13,8,8
2016,Captain Munnerlyn,5140,CB,15,MIN,390,64,49,505,270,1,0,104,1.29,6.1,8
2016,Robert Blanton,7136,S,5,BUF,16,2,2,15,6,0,0,97.9,0.94,8,8
2016,Rontez Miles,8102,S,9,NYJ,24,4,3,97,44,2,0,156.3,4.04,6,8
2016,Tavon Wilson,7051,S,15,DET,95,14,12,142,71,0,1,79.2,1.49,6.8,7.9
2016,Dashaun Phillips,9198,CB,4,WAS,79,12,10,154,83,1,0,146.5,1.95,6.6,7.9
2016,Karlos Dansby,1754,LB,14,CIN,47,7,6,53,33,0,0,98.2,1.13,6.7,7.8
2016,Neville Hewitt,9836,LB,12,MIA,31,8,4,34,24,0,0,61.5,1.1,3.9,7.8
2016,D.J. Hayden,7793,CB,11,OAK,234,49,30,320,108,2,0,93.9,1.37,4.8,7.8
2016,Roman Harper,2988,S,8,NO,31,7,4,46,51,0,0,77.1,1.48,4.4,7.8
2016,Zachary Orr,9326,LB,12,BLT,39,5,5,54,22,1,0,151.3,1.38,7.8,7.8
2016,Spencer Paysinger,6419,LB,10,MIA,31,5,4,34,25,0,0,95,1.1,6.2,7.8
2016,Casey Hayward Jr.,7064,CB,13,SD,62,9,8,120,32,0,1,79.2,1.94,6.9,7.8
2016,Anthony Brown,10823,CB,14,DAL,139,25,18,189,85,2,0,120.2,1.36,5.6,7.7
2016,Earl Thomas III,5539,S,10,SEA,46,9,6,68,23,0,0,89.1,1.48,5.1,7.7
2016,Damien Wilson,9560,LB,10,DAL,23,3,3,17,10,0,0,90.3,0.74,7.7,7.7
2016,Adairius Barnes,11129,CB,3,DET,23,3,3,22,14,0,0,97.2,0.96,7.7,7.7
2016,Eli Harold,9512,ED,12,SF,23,3,3,19,18,0,0,93.1,0.83,7.7,7.7
2016,Lamarcus Joyner,8676,CB,14,LA,359,63,47,402,236,1,0,96.1,1.12,5.7,7.6
2016,Tramon Williams,3558,CB,12,CLV,219,38,29,342,146,2,1,109.8,1.56,5.8,7.6
2016,Brandon Marshall,7648,LB,10,DEN,38,5,5,69,36,1,0,158.3,1.82,7.6,7.6
2016,Denzel Perryman,9481,LB,8,SD,15,4,2,14,3,0,0,58.3,0.93,3.8,7.5
2016,Michael Griffin,3635,S,4,CAR,15,2,2,7,5,1,0,120.8,0.47,7.5,7.5
2016,Demario Davis,7079,LB,10,CLV,30,5,4,24,12,0,0,86.7,0.8,6,7.5
2016,Jalen Ramsey,10639,CB,15,JAX,82,15,11,145,65,0,0,103.5,1.77,5.5,7.5
2016,Preston Brown,8708,LB,13,BUF,45,8,6,52,44,1,0,131.3,1.16,5.6,7.5
2016,Adam Jones,2223,CB,9,CIN,15,2,2,24,4,0,0,116.7,1.6,7.5,7.5
2016,Leonard Johnson,7385,CB,10,CAR,287,48,39,340,230,0,0,96.2,1.18,6,7.4
2016,Marcus Cooper,8035,CB,14,ARZ,111,21,15,189,114,1,3,75.4,1.7,5.3,7.4
2016,Sean Spence,7087,LB,12,TEN,37,8,5,38,18,0,0,74,1.03,4.6,7.4
2016,Karl Joseph,10648,S,10,OAK,37,6,5,48,32,0,0,100,1.3,6.2,7.4
2016,Brandon Flowers,4349,CB,6,SD,169,36,23,302,168,1,1,88,1.79,4.7,7.3
2016,NaVorro Bowman,5615,LB,3,SF,7,1,1,7,4,0,0,95.8,1,7,7
2016,Nevin Lawson,8768,CB,11,DET,21,4,3,24,6,1,0,129.2,1.14,5.3,7
2016,Davon House,6283,CB,4,JAX,7,2,1,8,0,0,0,60.4,1.14,3.5,7
2016,Mike Adams,1972,S,15,IND,63,11,9,86,50,1,0,129.5,1.37,5.7,7
2016,Dexter McCoil,10341,S,8,SD,14,3,2,12,0,1,0,113.9,0.86,4.7,7
2016,Corey Moore,10117,S,8,HST,28,5,4,21,5,0,0,84.2,0.75,5.6,7
2016,DeAndre Levy,4999,LB,4,DET,14,2,2,18,20,0,0,104.2,1.29,7,7
2016,Jerraud Powers,5015,CB,13,BLT,299,65,43,409,253,3,2,86,1.37,4.6,7
2016,JaCorey Shepherd,9624,CB,5,SF,7,1,1,16,5,0,0,118.8,2.29,7,7
2016,Paul Worrilow,8141,LB,6,ATL,7,2,1,-2,2,0,0,56.3,-0.29,3.5,7
2016,Melvin Ingram III,7024,ED,9,SD,14,4,2,12,10,0,0,56.3,0.86,3.5,7
2016,Donald Butler,5603,LB,10,MIA,14,2,2,10,11,0,0,87.5,0.71,7,7
2016,Preston Smith,9471,ED,5,WAS,7,1,1,2,6,0,0,79.2,0.29,7,7
2016,Mark Barron,7013,LB,15,LA,84,19,12,163,94,0,1,68.5,1.94,4.4,7
2016,Alterraun Verner,5628,CB,5,TB,7,2,1,14,1,0,0,72.9,2,3.5,7
2016,Sherrick McManis,5667,CB,2,CHI,7,1,1,8,3,0,0,100,1.14,7,7
2016,Von Miller,6154,ED,10,DEN,21,5,3,14,5,0,0,64.6,0.67,4.2,7
2016,Ed Reynolds Jr.,8797,S,5,CLV,14,3,2,23,14,0,0,89.6,1.64,4.7,7
2016,Bene Benwikere,8783,CB,4,MIA,14,4,2,20,13,0,1,25,1.43,3.5,7
2016,Daryl Smith,1760,LB,13,TB,35,5,5,53,49,0,0,110.8,1.51,7,7
2016,Rafael Bush,5779,S,13,DET,48,11,7,48,24,0,0,73.3,1,4.4,6.9
2016,Logan Ryan,7864,CB,16,NE,309,63,45,416,136,3,1,98.4,1.35,4.9,6.9
2016,Kendall Fuller,10718,CB,11,WAS,279,53,41,554,216,2,0,122.7,1.99,5.3,6.8
2016,B.W. Webb,7896,CB,13,NO,27,6,4,85,14,1,0,149.3,3.15,4.5,6.8
2016,De'Vondre Campbell,10749,LB,11,ATL,89,17,13,148,103,3,1,117.2,1.66,5.2,6.8
2016,Corey Nelson,8876,LB,9,DEN,27,6,4,39,15,0,0,84.7,1.44,4.5,6.8
2016,Kareem Jackson,5545,CB,13,HST,301,59,45,383,172,2,0,104,1.27,5.1,6.7
2016,Kemal Ishmael,8026,S,8,ATL,40,6,6,42,38,0,0,95.8,1.05,6.7,6.7
2016,Christian Kirksey,8706,LB,16,CLV,105,21,16,134,37,2,0,123.9,1.28,5,6.6
2016,Quandre Diggs,9633,CB,12,DET,271,45,41,461,191,2,0,124.2,1.7,6,6.6
2016,Darqueze Dennard,8659,CB,14,CIN,158,25,24,280,115,1,0,126.7,1.77,6.3,6.6
2016,Rey Maualuga,4961,LB,8,CIN,13,3,2,23,22,1,0,129.2,1.77,4.3,6.5
2016,Michael Thomas,7279,S,15,MIA,98,16,15,128,79,2,0,139.6,1.31,6.1,6.5
2016,Keith Tandy,7166,S,8,TB,26,5,4,73,29,1,1,118.8,2.81,5.2,6.5
2016,Janoris Jenkins,7043,CB,10,NYG,26,9,4,37,18,0,0,56.3,1.42,2.9,6.5
2016,Kyle Van Noy,8675,LB,8,NE,26,5,4,46,19,0,0,105,1.77,5.2,6.5
2016,Byron Maxwell,6325,CB,9,MIA,13,3,2,23,7,1,0,129.2,1.77,4.3,6.5
2016,Brock Coyle,8929,LB,3,SEA,13,2,2,16,7,0,0,100,1.23,6.5,6.5
2016,Jordan Hicks,9517,LB,12,PHI,26,5,4,31,7,0,0,92.5,1.19,5.2,6.5
2016,Dannell Ellerbe,5442,LB,7,NO,26,5,4,35,26,0,0,95.8,1.35,5.2,6.5
2016,Tony Lippett,9589,CB,8,MIA,13,3,2,25,3,0,0,92.4,1.92,4.3,6.5
2016,Anthony Harris,9895,S,3,MIN,13,2,2,63,12,1,0,158.3,4.85,6.5,6.5
2016,Jerrell Freeman,4888,LB,12,CHI,78,14,12,122,52,0,0,103,1.56,5.6,6.5
2016,Glover Quin,5035,S,14,DET,32,6,5,43,19,0,0,96.5,1.34,5.3,6.4
2016,Vontaze Burfict,7280,LB,10,CIN,58,14,9,77,27,1,0,102.4,1.33,4.1,6.4
2016,Su'a Cravens,10687,LB,8,WAS,32,7,5,39,11,0,0,84.8,1.22,4.6,6.4
2016,Asa Jackson,7161,CB,4,DET,51,10,8,86,38,1,0,135.8,1.69,5.1,6.4
2016,Sean Lee,5580,LB,15,DAL,58,9,9,109,81,0,0,117.1,1.88,6.4,6.4
2016,Antoine Bethea,3152,S,15,SF,63,11,10,181,92,0,0,118.8,2.87,5.7,6.3
2016,John Timu,10011,LB,3,CHI,19,3,3,31,0,0,0,109.7,1.63,6.3,6.3
2016,Stephon Gilmore,7016,CB,10,BUF,19,3,3,9,16,0,0,79.2,0.47,6.3,6.3
2016,Albert McClellan,6022,ED,11,BLT,25,4,4,47,18,1,0,155.2,1.88,6.3,6.3
2016,Donte Whitner,2953,S,11,WAS,44,8,7,102,47,2,0,158.3,2.32,5.5,6.3
2016,Jelani Jenkins,7886,LB,8,MIA,19,4,3,48,34,0,0,114.6,2.53,4.8,6.3
2016,T.J. Ward,5563,S,14,DEN,142,32,23,232,55,2,1,100,1.63,4.4,6.2
2016,Jake Ryan,9562,LB,12,GB,31,6,5,40,44,1,0,134,1.29,5.2,6.2
2016,Mason Foster,6236,LB,16,WAS,31,7,5,33,16,0,0,81.3,1.06,4.4,6.2
2016,LaDarius Gunter,9925,CB,13,GB,37,7,6,80,43,0,0,114.3,2.16,5.3,6.2
2016,Clayton Geathers,9542,S,9,IND,61,14,10,106,45,0,0,93.2,1.74,4.4,6.1
2016,Derron Smith,9630,S,3,CIN,6,1,1,7,0,1,0,135.4,1.17,6,6
2016,Jalen Mills,10867,CB,13,PHI,114,24,19,266,103,0,0,112.8,2.33,4.8,6
2016,Kenneth Acker,8815,CB,4,KC,6,1,1,5,0,0,0,87.5,0.83,6,6
2016,DeAndre Elliott,11281,CB,4,SEA,12,2,2,7,2,0,0,81.3,0.58,6,6
2016,Terrance Mitchell,8888,CB,5,KC,6,1,1,2,2,0,0,79.2,0.33,6,6
2016,LeShaun Sims,10791,CB,3,TEN,6,3,1,-2,0,0,1,2.8,-0.33,2,6
2016,Michael Morgan,6623,LB,9,SEA,18,5,3,17,14,0,1,26.7,0.94,3.6,6
2016,Frankie Williams,11368,CB,1,IND,6,1,1,11,10,0,0,112.5,1.83,6,6
2016,Isa Abdul-Quddus,6722,S,13,MIA,36,6,6,46,21,0,0,98.6,1.28,6,6
2016,Joe Thomas,9272,LB,11,GB,18,6,3,32,26,0,0,66,1.78,3,6
2016,Steve Williams,7927,CB,3,LA,6,1,1,10,3,0,0,108.3,1.67,6,6
2016,Trovon Reed,10294,CB,3,SD,12,3,2,69,56,0,1,70.1,5.75,4,6
2016,Paul Posluszny,3650,LB,14,JAX,59,11,10,124,88,1,0,143.9,2.1,5.4,5.9
2016,Sean Davis,10692,S,13,PIT,118,23,20,284,211,3,0,157.7,2.41,5.1,5.9
2016,Daimion Stafford,8031,S,15,TEN,59,18,10,82,40,1,0,85.9,1.39,3.3,5.9
2016,Deion Jones,10686,LB,15,ATL,116,24,20,164,47,0,1,77.8,1.41,4.8,5.8
2016,Will Compton,8308,LB,11,WAS,29,5,5,22,21,0,0,85,0.76,5.8,5.8
2016,Blake Martinez,10765,LB,10,GB,23,8,4,44,36,0,0,66.7,1.91,2.9,5.8
2016,Will Parks,10853,S,10,DEN,35,10,6,44,26,0,0,70.4,1.26,3.5,5.8
2016,Aqib Talib,4334,CB,13,DEN,52,13,9,112,37,0,1,63.6,2.15,4,5.8
2016,Mike Mitchell,4970,S,12,PIT,17,3,3,14,9,0,0,86.1,0.82,5.7,5.7
2016,Cory James,10828,LB,6,OAK,17,3,3,28,9,0,0,105.6,1.65,5.7,5.7
2016,Jalen Collins,9475,CB,6,ATL,17,5,3,35,10,0,1,41.7,2.06,3.4,5.7
2016,Jamie Collins Sr.,7833,LB,12,CLV,39,9,7,51,15,1,1,87.7,1.31,4.3,5.6
2016,Harold Jones-Quartey,10055,S,10,CHI,56,11,10,98,22,2,0,143.4,1.75,5.1,5.6
2016,Shaq Thompson,9458,LB,12,CAR,100,22,18,165,108,0,0,97.9,1.65,4.5,5.6
2016,Corey White,7652,CB,7,BUF,22,7,4,50,22,1,0,119,2.27,3.1,5.5
2016,Adrian Amos,9575,S,14,CHI,77,18,14,112,30,2,0,129.6,1.45,4.3,5.5
2016,K.J. Wright,6251,LB,15,SEA,61,15,11,115,71,1,0,117.4,1.89,4.1,5.5
2016,Kelcie McCray,7396,S,3,SEA,27,6,5,73,23,1,0,156.9,2.7,4.5,5.4
2016,Malcolm Smith,6394,LB,15,OAK,119,28,22,207,101,3,0,133.2,1.74,4.3,5.4
2016,LaRoy Reynolds,8500,LB,9,ATL,27,5,5,42,10,0,0,101.7,1.56,5.4,5.4
2016,Blake Countess,10830,S,3,LA,70,17,13,104,52,2,0,130.5,1.49,4.1,5.4
2016,Sio Moore,7847,LB,5,ARZ,21,4,4,31,17,0,0,99,1.48,5.3,5.3
2016,Benardrick McKinney,9476,LB,10,HST,21,4,4,25,19,1,0,132.3,1.19,5.3,5.3
2016,Perry Riley,5627,LB,9,OAK,32,7,6,42,15,0,0,91.7,1.31,4.6,5.3
2016,Perrish Cox,5660,CB,11,TEN,26,8,5,31,19,1,0,109.9,1.19,3.3,5.2
2016,Darron Lee,10654,LB,8,NYJ,26,7,5,55,28,0,0,94.3,2.12,3.7,5.2
2016,Nick Kwiatkoski,10747,LB,6,CHI,26,5,5,50,19,1,0,147.9,1.92,5.2,5.2
2016,Duke Ihenacho,7297,S,9,WAS,31,6,6,72,19,0,0,116.7,2.32,5.2,5.2
2016,Joe Haden,5532,CB,13,CLV,41,13,8,113,54,0,0,89.6,2.76,3.2,5.1
2016,Justin Bethel,7654,CB,8,ARZ,77,18,15,140,74,2,0,136.1,1.82,4.3,5.1
2016,Darrell Stuckey,5634,S,3,SD,5,1,1,25,2,0,0,118.8,5,5,5
2016,Jahleel Addae,8117,S,8,SD,25,5,5,39,22,0,0,99.2,1.56,5,5
2016,Rashaan Melvin,8334,CB,10,IND,20,5,4,48,19,0,0,106.7,2.4,4,5
2016,Tank Carradine,7821,ED,5,SF,5,2,1,-2,0,0,0,56.3,-0.4,2.5,5
2016,Antwione Williams,10803,LB,5,DET,10,2,2,13,17,0,0,93.8,1.3,5,5
2016,Winston Guy,7171,S,2,IND,5,1,1,2,3,0,0,79.2,0.4,5,5
2016,Chandler Jones,7027,ED,3,ARZ,5,1,1,3,2,0,0,79.2,0.6,5,5
2016,David Bass,8016,ED,4,TEN,5,1,1,5,5,0,0,87.5,1,5,5
2016,Christian Jones,9020,ED,3,CHI,10,2,2,13,3,0,0,93.8,1.3,5,5
2016,Jason McCourty,5127,CB,12,TEN,25,7,5,44,10,1,0,127.4,1.76,3.6,5
2016,Edwin Jackson,9800,LB,5,IND,20,4,4,33,30,0,0,101,1.65,5,5
2016,Kayvon Webster,7871,CB,4,DEN,5,2,1,14,4,0,0,72.9,2.8,2.5,5
2016,Brandon Carr,4454,CB,11,DAL,25,5,5,56,17,0,0,113.3,2.24,5,5
2016,Bruce Irvin,7021,ED,11,OAK,25,5,5,39,22,0,0,99.2,1.56,5,5
2016,Vince Williams,7988,LB,6,PIT,20,5,4,13,10,1,0,118.8,0.65,4,5
2016,Terence Garvin,8515,LB,1,WAS,5,1,1,13,0,0,0,118.8,2.6,5,5
2016,Matt Elam,7813,S,4,BLT,5,1,1,13,8,0,0,118.8,2.6,5,5
2016,Eric Kendricks,9478,LB,11,MIN,39,11,8,68,32,0,1,50.6,1.74,3.5,4.9
2016,E.J. Gaines,8823,CB,10,LA,43,10,9,91,34,1,0,137.9,2.12,4.3,4.8
2016,Calvin Pryor,8653,S,13,NYJ,58,15,12,144,75,0,0,106.7,2.48,3.9,4.8
2016,Nick Bellore,6515,LB,4,SF,14,3,3,24,13,2,0,139.6,1.71,4.7,4.7
2016,Luke Kuechly,7015,LB,7,CAR,14,5,3,18,8,0,1,27.5,1.29,2.8,4.7
2016,T.J. Green,10691,S,14,IND,56,16,12,126,42,1,0,118.2,2.25,3.5,4.7
2016,Zach Brown,7055,LB,13,BUF,60,17,13,216,143,1,0,137.5,3.6,3.5,4.6
2016,Deone Bucannon,8662,LB,12,ARZ,60,15,13,88,40,0,0,91.1,1.47,4,4.6
2016,Damarious Randall,9463,CB,8,GB,27,10,6,86,16,0,1,48.3,3.19,2.7,4.5
2016,Kentrell Brice,11142,S,6,GB,18,4,4,79,42,0,0,118.8,4.39,4.5,4.5
2016,Chris Davis,9242,CB,4,SF,18,4,4,83,30,1,0,158.3,4.61,4.5,4.5
2016,Brandon Williams,10726,CB,4,ARZ,9,3,2,10,6,0,0,71.5,1.11,3,4.5
2016,Sean Smith,4984,CB,14,OAK,27,7,6,70,13,1,0,147.9,2.59,3.9,4.5
2016,John Simon,7911,ED,5,HST,9,2,2,4,2,0,0,79.2,0.44,4.5,4.5
2016,Dontae Johnson,8764,CB,6,SF,9,3,2,68,51,0,0,109.7,7.56,3,4.5
2016,Miles Killebrew,10745,S,13,DET,31,7,7,78,13,0,0,113.1,2.52,4.4,4.4
2016,Lawrence Timmons,3631,LB,14,PIT,31,8,7,53,21,0,0,94.3,1.71,3.9,4.4
2016,Ken Crawley,11224,CB,9,NO,13,3,3,27,12,0,0,104.2,2.08,4.3,4.3
2016,Kwon Alexander,9557,LB,11,TB,30,8,7,59,37,0,1,57.8,1.97,3.8,4.3
2016,Wesley Woodyard,4583,LB,11,TEN,21,7,5,38,33,0,0,84.2,1.81,3,4.2
2016,David Harris,3663,LB,14,NYJ,38,11,9,68,31,0,0,92.4,1.79,3.5,4.2
2016,Todd Davis,9007,LB,14,DEN,41,11,10,171,103,0,0,118.8,4.17,3.7,4.1
2016,Josh McNary,8073,LB,4,IND,4,1,1,6,0,0,0,91.7,1.5,4,4
2016,Kendrick Lewis,5659,S,3,BLT,4,1,1,7,2,0,0,95.8,1.75,4,4
2016,Cory Littleton,11190,LB,3,LA,4,1,1,5,1,0,0,87.5,1.25,4,4
2016,Lorenzo Mauldin,9515,ED,3,NYJ,4,1,1,16,3,0,0,118.8,4,4,4
2016,Emmanuel Lamur,7561,LB,3,MIN,4,1,1,6,9,0,0,91.7,1.5,4,4
2016,Crezdon Butler,5687,CB,1,DET,4,1,1,31,6,0,0,118.8,7.75,4,4
2016,A.J. Klein,7930,LB,3,CAR,4,1,1,10,15,0,0,108.3,2.5,4,4
2016,Olivier Vernon,7074,ED,4,NYG,4,1,1,9,6,0,0,104.2,2.25,4,4
2016,Justin Simmons,10732,S,8,DEN,16,4,4,46,18,0,0,114.6,2.88,4,4
2016,Sean Weatherspoon,5544,LB,3,ATL,32,9,8,75,36,0,0,101.4,2.34,3.6,4
2016,Bobby Wagner,7050,LB,16,SEA,71,19,18,127,43,0,0,94.5,1.79,3.7,3.9
2016,Tahir Whitehead,7135,LB,14,DET,62,20,16,125,38,2,0,126,2.02,3.1,3.9
2016,Dont'a Hightower,7030,LB,8,NE,19,5,5,41,25,0,0,100.8,2.16,3.8,3.8
2016,Chris Conte,6245,S,11,TB,33,12,9,66,11,3,0,127.1,2,2.8,3.7
2016,Briean Boddy-Calhoun,10903,CB,8,CLV,11,3,3,27,2,1,0,143.8,2.45,3.7,3.7
2016,Jatavis Brown,10809,LB,10,SD,33,10,9,71,18,0,0,96.3,2.15,3.3,3.7
2016,Brian Orakpo,4936,ED,8,TEN,11,3,3,12,26,0,0,83.3,1.09,3.7,3.7
2016,Michael Wilhoite,6989,LB,10,SF,25,7,7,67,14,0,0,106.5,2.68,3.6,3.6
2016,Jordan Poyer,8000,S,5,CLV,25,8,7,69,40,0,0,102.6,2.76,3.1,3.6
2016,Xavien Howard,10672,CB,5,MIA,7,2,2,25,15,0,0,118.8,3.57,3.5,3.5
2016,Nat Berhe,8787,S,4,NYG,7,4,2,22,0,0,0,66.7,3.14,1.8,3.5
2016,Jonathan Casillas,5422,LB,13,NYG,28,8,8,46,26,0,0,90.6,1.64,3.5,3.5
2016,Troy Hill,9881,CB,5,LA,7,2,2,39,36,1,0,158.3,5.57,3.5,3.5
2016,Joe Schobert,10733,ED,4,CLV,7,3,2,33,7,0,0,103.5,4.71,2.3,3.5
2016,Chris Prosinski,6273,S,3,CHI,7,2,2,22,0,0,0,112.5,3.14,3.5,3.5
2016,Jimmy Smith,6179,CB,6,BLT,13,5,4,77,29,0,0,118.8,5.92,2.6,3.3
2016,Mike Hull,9815,LB,3,MIA,10,3,3,15,11,0,1,47.9,1.5,3.3,3.3
2016,Jarvis Jones,7798,ED,9,PIT,13,5,4,46,33,0,0,105,3.54,2.6,3.3
2016,Clay Matthews,4949,ED,3,GB,3,1,1,10,6,0,0,108.3,3.33,3,3
2016,Kyle Wilber,7113,LB,2,DAL,3,1,1,8,2,0,0,100,2.67,3,3
2016,Thurston Armbrister,9825,LB,3,DET,6,2,2,62,48,0,0,118.8,10.33,3,3
2016,Mario Addison,6558,ED,3,CAR,3,1,1,19,6,0,0,118.8,6.33,3,3
2016,Kevin Pierre-Louis,8767,LB,2,SEA,3,1,1,24,6,0,0,118.8,8,3,3
2016,Max Bullough,8919,LB,3,HST,3,2,1,1,0,1,0,95.8,0.33,1.5,3
2016,Demetri Goodson,8832,CB,3,GB,6,2,2,34,9,0,0,118.8,5.67,3,3
2016,Matthias Farley,10953,S,2,IND,3,2,1,6,10,0,0,56.3,2,1.5,3
2016,Valentino Blake,7362,CB,6,TEN,23,11,8,66,18,0,0,87.7,2.87,2.1,2.9
2016,Andrew Gachkar,6386,LB,3,DAL,8,3,3,46,28,0,0,118.8,5.75,2.7,2.7
2016,Justin Durant,3664,LB,7,DAL,10,4,4,33,10,0,0,101,3.3,2.5,2.5
2016,Elandon Roberts,10848,LB,2,NE,2,1,1,38,6,0,0,118.8,19,2,2
2016,Robert Mathis,1447,ED,4,IND,4,2,2,14,7,0,0,95.8,3.5,2,2
2016,Pierre Desir,8762,S,2,SD,2,1,1,10,2,0,0,108.3,5,2,2
2016,Jeron Johnson,6621,S,1,SEA,2,1,1,5,0,0,0,87.5,2.5,2,2
2016,Adarius Taylor,9074,LB,1,TB,2,1,1,11,6,0,0,112.5,5.5,2,2
2016,Bruce Carter,6192,LB,2,NYJ,2,2,1,8,6,0,0,60.4,4,1,2
2016,Jacoby Glenn,10003,CB,3,CHI,4,2,2,34,3,0,0,118.8,8.5,2,2
2016,Marcus Roberson,9241,CB,2,BUF,2,1,1,5,0,0,0,87.5,2.5,2,2
2016,Jonathan Freeny,6633,LB,1,NE,5,3,3,20,7,0,0,94.4,4,1.7,1.7
2016,Brandon Spikes,5587,ED,2,BUF,3,2,2,34,13,0,0,118.8,11.33,1.5,1.5
2016,Kamalei Correa,10676,ED,2,BLT,3,2,2,9,2,0,0,85.4,3,1.5,1.5
2016,Deiondre' Hall,10761,CB,3,CHI,3,2,2,20,23,0,0,108.3,6.67,1.5,1.5
2016,Johnson Bademosi,7374,CB,4,DET,4,3,3,45,8,0,0,118.8,11.25,1.3,1.3
2016,Za'Darius Smith,9555,ED,1,BLT,1,1,1,4,4,0,0,83.3,4,1,1
2016,Dekoda Watson,5740,ED,1,DEN,1,1,1,9,5,0,0,104.2,9,1,1
2016,Shilique Calhoun,10709,ED,1,OAK,1,1,1,8,9,0,0,100,8,1,1
2016,Frank Zombo,5945,ED,1,KC,1,1,1,10,0,1,0,147.9,10,1,1
2016,Shiloh Keo,6296,S,1,NO,1,1,1,7,2,0,0,95.8,7,1,1
2016,Stephone Anthony,9464,ED,1,NO,1,1,1,1,0,1,0,118.8,1,1,1
2016,Hayes Pullard,9652,LB,1,JAX,1,1,1,2,5,0,0,79.2,2,1,1
2016,Datone Jones,7807,ED,3,GB,1,1,1,2,7,0,0,79.2,2,1,1
2016,Jonathan Anderson,9998,LB,1,CHI,1,1,1,11,7,0,0,112.5,11,1,1
